Num,Speed X,Speed Y,Speed Z,Total Speed,Lo,La,Heading(Deg)
0,0.0,0.0,0.0,0.0,363075.0,6921812.0,112.1664040040986
1,0.0,0.0,0.0,0.0,363075.0,6921812.0,112.16997409958609
2,0.0,0.0,0.0,0.0,363076.0,6921813.0,112.12844160694273
3,0.0,0.0,0.0,0.0,363076.0,6921813.0,112.1399536486071
4,0.0,0.0,0.0,0.0,363076.0,6921813.0,112.12427932237925
5,0.0,0.0,0.0,0.0,363076.0,6921813.0,112.13876090503739
6,0.0,0.0,0.0,0.0,363076.0,6921813.0,112.1214901261136
7,0.0,0.0,0.0,0.0,363076.0,6921812.0,112.16013188770238
8,0.0,0.0,0.0,0.0,363076.0,6921813.0,112.12759088317098
9,0.0,0.0,0.0,0.0,363076.0,6921813.0,112.13034133218717
10,0.0,0.0,0.0,0.0,363076.0,6921812.0,112.16268064679072
11,0.0,0.0,0.0,0.0,363075.0,6921812.0,112.16883712061028
12,0.0,0.0,0.0,0.0,363076.0,6921813.0,112.12814840504844
13,0.0,0.0,0.0,0.0,363075.0,6921812.0,112.16371911922926
14,0.0,0.0,0.0,0.0,363076.0,6921813.0,112.13033074382535
15,0.0,0.0,0.0,0.0,363076.0,6921812.0,112.16318233369262
16,0.0,0.0,0.0,0.0,363075.0,6921812.0,112.16573878281783
17,0.0,0.0,0.0,0.0,363076.0,6921813.0,112.13399718865044
18,0.0,0.0,0.0,0.0,363076.0,6921813.0,112.12067083655568
19,0.0,0.0,0.0,0.0,363076.0,6921812.0,112.15364001316111
20,0.0,0.0,0.0,0.0,363075.0,6921812.0,112.17006239547811
21,0.0,0.0,0.0,0.0,363076.0,6921813.0,112.13158211401577
22,0.0,0.0,0.0,0.0,363076.0,6921813.0,112.13245618548983
23,0.0,0.0,0.0,0.0,363076.0,6921813.0,112.11778395628089
24,0.0,0.0,0.0,0.0,363076.0,6921813.0,112.13033865604349
25,0.0,0.0,0.0,0.0,363075.0,6921812.0,112.16713641338693
26,0.0,0.0,0.0,0.0,363076.0,6921812.0,112.14756973493236
27,0.0,0.0,0.0,0.0,363076.0,6921813.0,112.14504874567899
28,0.0,0.0,0.0,0.0,363076.0,6921813.0,112.12605334588072
29,0.0,0.0,0.0,0.0,363076.0,6921812.0,112.16009061817336
30,0.0,0.0,0.0,0.0,363076.0,6921813.0,112.1360215881411
31,0.0,0.0,0.0,0.0,363076.0,6921812.0,112.15922877365942
32,0.0,0.0,0.0,0.0,363075.0,6921812.0,112.16586172366459
33,0.0,0.0,0.0,0.0,363076.0,6921813.0,112.11919514390317
34,0.0,0.0,0.0,0.0,363076.0,6921813.0,112.14239351291073
35,0.0,0.0,0.0,0.0,363075.0,6921812.0,112.16611862655259
36,0.0,0.0,0.0,0.0,363075.0,6921812.0,112.1712649295992
37,0.0,0.0,0.0,0.0,363076.0,6921812.0,112.15250901163844
38,0.0,0.0,0.0,0.0,363076.0,6921812.0,112.15834587085992
39,0.0,0.0,0.0,0.0,363076.0,6921812.0,112.16307430004564
40,0.0,0.0,0.0,0.0,363076.0,6921813.0,112.13185449864237
41,0.0,0.0,0.0,0.0,363076.0,6921813.0,112.12881443352919
42,0.0,0.0,0.0,0.0,363076.0,6921813.0,112.12258981025792
43,0.0,0.0,0.0,0.0,363075.0,6921812.0,112.16930016657625
44,0.0,0.0,0.0,0.0,363076.0,6921813.0,112.12675167331369
45,0.0,0.0,0.0,0.0,363076.0,6921812.0,112.15420571932508
46,0.0,0.0,0.0,0.0,363076.0,6921812.0,112.14919774195528
47,0.0,0.0,0.0,0.0,363076.0,6921813.0,112.129155710625
48,0.0,0.0,0.0,0.0,363076.0,6921813.0,112.13889421678387
49,0.0,0.0,0.0,0.0,363076.0,6921813.0,112.12269878088219
50,0.0,0.0,0.0,0.0,363075.0,6921812.0,112.16346603351839
51,0.0,0.0,0.0,0.0,363076.0,6921812.0,112.16043315296457
52,0.0,0.0,0.0,0.0,363076.0,6921812.0,112.15612183634066
53,0.0,0.0,0.0,0.0,363076.0,6921812.0,112.15536627800692
54,0.0,0.0,0.0,0.0,363076.0,6921812.0,112.15477893358542
55,0.0,0.0,0.0,0.0,363076.0,6921813.0,112.12415463917306
56,0.0,0.0,0.0,0.0,363076.0,6921812.0,112.14732143808082
57,0.0,0.0,0.0,0.0,363076.0,6921813.0,112.13143274188344
58,0.0,0.0,0.0,0.0,363076.0,6921813.0,112.1428270987866
59,0.0,0.0,0.0,0.0,363076.0,6921813.0,112.11853754877832
60,0.0,0.0,0.0,0.0,363076.0,6921813.0,112.13822337076118
61,0.0,0.0,0.0,0.0,363075.0,6921812.0,112.1709357405286
62,0.0,0.0,0.0,0.0,363076.0,6921813.0,112.1251042791415
63,0.0,0.0,0.0,0.0,363076.0,6921812.0,112.16088879561786
64,0.0,0.0,0.0,0.0,363075.0,6921812.0,112.17096315580702
65,0.0,0.0,0.0,0.0,363076.0,6921812.0,112.16241299596126
66,0.0,0.0,0.0,0.0,363076.0,6921813.0,112.12291135950557
67,0.0,0.0,0.0,0.0,363076.0,6921813.0,112.11897416727008
68,0.0,0.0,0.0,0.0,363076.0,6921813.0,112.12217450155615
69,0.0,0.0,0.0,0.0,363076.0,6921813.0,112.14089733503438
70,0.0,0.0,0.0,0.0,363076.0,6921812.0,112.1489368203102
71,0.0,0.0,0.0,0.0,363076.0,6921812.0,112.15985740261232
72,0.0,0.0,0.0,0.0,363076.0,6921813.0,112.11809217395418
73,0.0,0.0,0.0,0.0,363076.0,6921813.0,112.14108667325213
74,0.0,0.0,0.0,0.0,363076.0,6921813.0,112.11845665010851
75,0.0,0.0,0.0,0.0,363076.0,6921813.0,112.13389076531554
76,0.0,0.0,0.0,0.0,363076.0,6921813.0,112.13966569059866
77,0.0,0.0,0.0,0.0,363076.0,6921813.0,112.11980363453564
78,0.0,0.0,0.0,0.0,363075.0,6921812.0,112.16896159705759
79,0.0,0.0,0.0,0.0,363076.0,6921813.0,112.13418621998116
80,0.0,0.0,0.0,0.0,363076.0,6921812.0,112.15248514728694
81,0.0,0.0,0.0,0.0,363076.0,6921813.0,112.13170933852396
82,0.0,0.0,0.0,0.0,363076.0,6921812.0,112.15430454531916
83,0.0,0.0,0.0,0.0,363076.0,6921812.0,112.15162489496075
84,0.0,0.0,0.0,0.0,363075.0,6921812.0,112.16686640120565
85,0.0,0.0,0.0,0.0,363076.0,6921812.0,112.15425944013145
86,0.0,0.0,0.0,0.0,363076.0,6921812.0,112.15270935163444
87,0.0,0.0,0.0,0.0,363075.0,6921812.0,112.16361053097697
88,0.0,0.0,0.0,0.0,363076.0,6921812.0,112.14989349595011
89,0.0,0.0,0.0,0.0,363076.0,6921813.0,112.14368972783663
90,0.0,0.0,0.0,0.0,363075.0,6921812.0,112.1663330430814
91,0.0,0.0,0.0,0.0,363076.0,6921812.0,112.16212594419117
92,0.0,0.0,0.0,0.0,363076.0,6921813.0,112.12178529931936
93,0.0,0.0,0.0,0.0,363076.0,6921813.0,112.14434243279412
94,0.0,0.0,0.0,0.0,363076.0,6921812.0,112.15237191005322
95,0.0,0.0,0.0,0.0,363076.0,6921813.0,112.14442116199945
96,0.0,0.0,0.0,0.0,363076.0,6921813.0,112.11868481885715
97,0.0,0.0,0.0,0.0,363075.0,6921812.0,112.16812675320676
98,0.0,0.0,0.0,0.0,363076.0,6921813.0,112.14292481163346
99,0.0,0.0,0.0,0.0,363076.0,6921813.0,112.14574532092276
100,0.0,0.0,0.0,0.0,363076.0,6921813.0,112.13017096163297
101,0.0,0.0,0.0,0.0,363075.0,6921812.0,112.16398758880747
102,0.0,0.0,0.0,0.0,363076.0,6921813.0,112.13185476260458
103,0.0,0.0,0.0,0.0,363076.0,6921813.0,112.1383543066573
104,0.0,0.0,0.0,0.0,363076.0,6921813.0,112.13526188733012
105,0.0,0.0,0.0,0.0,363076.0,6921813.0,112.13368071784654
106,0.0,0.0,0.0,0.0,363076.0,6921812.0,112.1552711984655
107,0.0,0.0,0.0,0.0,363076.0,6921813.0,112.12265718946047
108,0.0,0.0,0.0,0.0,363076.0,6921813.0,112.13573771848667
109,0.0,0.0,0.0,0.0,363075.0,6921812.0,112.1675520877245
110,0.0,0.0,0.0,0.0,363076.0,6921813.0,112.12736158150875
111,0.0,0.0,0.0,0.0,363076.0,6921813.0,112.13363421889915
112,0.0,0.0,0.0,0.0,363076.0,6921812.0,112.15797792509085
113,0.0,0.0,0.0,0.0,363076.0,6921812.0,112.15182036831236
114,0.0,0.0,0.0,0.0,363076.0,6921812.0,112.14643165369642
115,0.0,0.0,0.0,0.0,363076.0,6921812.0,112.15313813257532
116,0.0,0.0,0.0,0.0,363076.0,6921813.0,112.13461271116812
117,0.0,0.0,0.0,0.0,363076.0,6921813.0,112.14248121032489
118,0.0,0.0,0.0,0.0,363076.0,6921813.0,112.11965671718217
119,0.0,0.0,0.0,0.0,363076.0,6921813.0,112.13636112855923
120,0.0,0.0,0.0,0.0,363076.0,6921813.0,112.12379509803701
121,0.0,0.0,0.0,0.0,363076.0,6921813.0,112.13444392619589
122,0.0,0.0,0.0,0.0,363075.0,6921812.0,112.164543546712
123,0.0,0.0,0.0,0.0,363076.0,6921813.0,112.13804200962362
124,0.0,0.0,0.0,0.0,363076.0,6921813.0,112.11912988442775
125,0.0,0.0,0.0,0.0,363076.0,6921812.0,112.15014279254622
126,0.0,0.0,0.0,0.0,363075.0,6921812.0,112.16702032471741
127,0.0,0.0,0.0,0.0,363076.0,6921813.0,112.13418358484964
128,0.0,0.0,0.0,0.0,363076.0,6921812.0,112.15927824145196
129,0.0,0.0,0.0,0.0,363076.0,6921813.0,112.12427875887343
130,0.0,0.0,0.0,0.0,363076.0,6921813.0,112.13565988942813
131,0.0,0.0,0.0,0.0,363076.0,6921813.0,112.11964974907367
132,0.0,0.0,0.0,0.0,363076.0,6921812.0,112.15474558870397
133,0.0,0.0,0.0,0.0,363076.0,6921813.0,112.13158708606397
134,0.0,0.0,0.0,0.0,363076.0,6921812.0,112.15032855866917
135,0.0,0.0,0.0,0.0,363076.0,6921813.0,112.12426342281563
136,0.0,0.0,0.0,0.0,363076.0,6921812.0,112.14791366916303
137,0.0,0.0,0.0,0.0,363076.0,6921813.0,112.13797587787626
138,0.0,0.0,0.0,0.0,363076.0,6921813.0,112.13768157428271
139,0.0,0.0,0.0,0.0,363076.0,6921812.0,112.16287279129432
140,0.0,0.0,0.0,0.0,363076.0,6921813.0,112.1271056166949
141,0.0,0.0,0.0,0.0,363076.0,6921813.0,112.12670657187783
142,0.0,0.0,0.0,0.0,363076.0,6921813.0,112.1333152141863
143,0.0,0.0,0.0,0.0,363076.0,6921812.0,112.15498718237777
144,0.0,0.0,0.0,0.0,363076.0,6921813.0,112.12284271351433
145,0.0,0.0,0.0,0.0,363076.0,6921813.0,112.13367146068516
146,0.0,0.0,0.0,0.0,363076.0,6921812.0,112.15442348978014
147,0.0,0.0,0.0,0.0,363076.0,6921812.0,112.155996535433
148,0.0,0.0,0.0,0.0,363076.0,6921813.0,112.12102177693613
149,0.0,0.0,0.0,0.0,363075.0,6921812.0,112.16487249297408
150,0.0,0.0,0.0,0.0,363075.0,6921812.0,112.16606931215556
151,0.0,0.0,0.0,0.0,363076.0,6921813.0,112.12019301909051
152,0.0,0.0,0.0,0.0,363075.0,6921812.0,112.16804686611562
153,0.0,0.0,0.0,0.0,363076.0,6921813.0,112.13035717375223
154,0.0,0.0,0.0,0.0,363076.0,6921812.0,112.15596011277032
155,0.0,0.0,0.0,0.0,363076.0,6921813.0,112.1430821729238
156,0.0,0.0,0.0,0.0,363076.0,6921812.0,112.15540006980906
157,0.0,0.0,0.0,0.0,363076.0,6921812.0,112.15549856068658
158,0.0,0.0,0.0,0.0,363075.0,6921812.0,112.1635075964477
159,0.0,0.0,0.0,0.0,363076.0,6921813.0,112.13148930227861
160,0.0,0.0,0.0,0.0,363076.0,6921813.0,112.12991782360112
161,0.0,0.0,0.0,0.0,363076.0,6921812.0,112.14931921339941
162,0.0,0.0,0.0,0.0,363076.0,6921813.0,112.11918615074237
163,0.0,0.0,0.0,0.0,363076.0,6921813.0,112.13893496301135
164,0.0,0.0,0.0,0.0,363076.0,6921813.0,112.11954485149847
165,0.0,0.0,0.0,0.0,363076.0,6921812.0,112.14715455331945
166,0.0,0.0,0.0,0.0,363076.0,6921813.0,112.13683173411823
167,0.0,0.0,0.0,0.0,363076.0,6921812.0,112.1489773175498
168,0.0,0.0,0.0,0.0,363076.0,6921813.0,112.13644834421562
169,0.0,0.0,0.0,0.0,363076.0,6921813.0,112.13585326026174
170,0.0,0.0,0.0,0.0,363075.0,6921812.0,112.1669802652511
171,0.0,0.0,0.0,0.0,363076.0,6921813.0,112.12507548662599
172,0.0,0.0,0.0,0.0,363076.0,6921813.0,112.13865511756934
173,0.0,0.0,0.0,0.0,363076.0,6921813.0,112.13930219332916
174,0.0,0.0,0.0,0.0,363076.0,6921813.0,112.13585875941281
175,0.0,0.0,0.0,0.0,363075.0,6921812.0,112.16634210662971
176,0.0,0.0,0.0,0.0,363076.0,6921812.0,112.15109974141434
177,0.0,0.0,0.0,0.0,363076.0,6921812.0,112.15193309315428
178,0.0,0.0,0.0,0.0,363076.0,6921813.0,112.12181901247263
179,0.0,0.0,0.0,0.0,363076.0,6921813.0,112.1350939312786
180,0.0,0.0,0.0,0.0,363075.0,6921812.0,112.17081800632467
181,0.0,0.0,0.0,0.0,363076.0,6921812.0,112.15541507371675
182,0.0,0.0,0.0,0.0,363076.0,6921813.0,112.137915606066
183,0.0,0.0,0.0,0.0,363076.0,6921813.0,112.13791662120333
184,0.0,0.0,0.0,0.0,363076.0,6921812.0,112.15520048158699
185,0.0,0.0,0.0,0.0,363076.0,6921812.0,112.15063196624992
186,0.0,0.0,0.0,0.0,363076.0,6921812.0,112.14949796530395
187,0.0,0.0,0.0,0.0,363075.0,6921812.0,112.16687789032356
188,0.0,0.0,0.0,0.0,363076.0,6921812.0,112.15486705727838
189,0.0,0.0,0.0,0.0,363076.0,6921813.0,112.12193334446445
190,0.0,0.0,0.0,0.0,363076.0,6921813.0,112.13170852019915
191,0.0,0.0,0.0,0.0,363076.0,6921812.0,112.15903072388762
192,0.0,0.0,0.0,0.0,363076.0,6921812.0,112.1469005794424
193,0.0,0.0,0.0,0.0,363075.0,6921812.0,112.16366903421606
194,0.0,0.0,0.0,0.0,363076.0,6921812.0,112.14916950382514
195,0.0,0.0,0.0,0.0,363076.0,6921813.0,112.12567464616853
196,0.0,0.0,0.0,0.0,363076.0,6921812.0,112.15316244501903
197,0.0,0.0,0.0,0.0,363076.0,6921813.0,112.14243530475967
198,0.0,0.0,0.0,0.0,363075.0,6921812.0,112.16679766135339
199,0.0,0.0,0.0,0.0,363076.0,6921812.0,112.16237284641248
200,0.0,0.0,0.0,0.0,363076.0,6921812.0,112.16030347690214
201,0.0,0.0,0.0,0.0,363076.0,6921812.0,112.15788468115132
202,0.0,0.0,0.0,0.0,363075.0,6921812.0,112.16737700102027
203,0.0,0.0,0.0,0.0,363076.0,6921812.0,112.1489422782825
204,0.0,0.0,0.0,0.0,363076.0,6921813.0,112.11864902514404
205,0.0,0.0,0.0,0.0,363076.0,6921813.0,112.12137565855528
206,0.0,0.0,0.0,0.0,363076.0,6921813.0,112.12672507088547
207,0.0,0.0,0.0,0.0,363076.0,6921813.0,112.12458482726522
208,0.0,0.0,0.0,0.0,363076.0,6921813.0,112.1423812422552
209,0.0,0.0,0.0,0.0,363076.0,6921812.0,112.14956961152443
210,0.0,0.0,0.0,0.0,363076.0,6921813.0,112.11946833231926
211,0.0,0.0,0.0,0.0,363076.0,6921812.0,112.1463829625064
212,0.0,0.0,0.0,0.0,363076.0,6921812.0,112.15749311573305
213,0.0,0.0,0.0,0.0,363076.0,6921813.0,112.12460375175358
214,0.0,0.0,0.0,0.0,363076.0,6921813.0,112.13788199339012
215,0.0,0.0,0.0,0.0,363076.0,6921813.0,112.1326180259199
216,0.0,0.0,0.0,0.0,363075.0,6921812.0,112.1685150490304
217,0.0,0.0,0.0,0.0,363076.0,6921812.0,112.14774045156541
218,0.0,0.0,0.0,0.0,363076.0,6921813.0,112.13788261338507
219,0.0,0.0,0.0,0.0,363076.0,6921813.0,112.12936599139061
220,0.0,0.0,0.0,0.0,363076.0,6921813.0,112.13498434698388
221,0.0,0.0,0.0,0.0,363075.0,6921812.0,112.16973497995087
222,0.0,0.0,0.0,0.0,363076.0,6921813.0,112.12403406794557
223,0.0,0.0,0.0,0.0,363076.0,6921812.0,112.15698704201986
224,0.0,0.0,0.0,0.0,363076.0,6921813.0,112.11937455647751
225,0.0,0.0,0.0,0.0,363076.0,6921813.0,112.13994562776915
226,0.0,0.0,0.0,0.0,363076.0,6921813.0,112.13610620303157
227,0.0,0.0,0.0,0.0,363076.0,6921813.0,112.14370273818167
228,0.0,0.0,0.0,0.0,363076.0,6921812.0,112.16316185736343
229,0.0,0.0,0.0,0.0,363076.0,6921813.0,112.1324185152684
230,0.0,0.0,0.0,0.0,363076.0,6921813.0,112.13850795842771
231,0.0,0.0,0.0,0.0,363076.0,6921812.0,112.15491796001322
232,0.0,0.0,0.0,0.0,363076.0,6921813.0,112.11834277754079
233,0.0,0.0,0.0,0.0,363076.0,6921813.0,112.1205762414617
234,0.0,0.0,0.0,0.0,363076.0,6921812.0,112.14676194891815
235,0.0,0.0,0.0,0.0,363076.0,6921812.0,112.15200890392583
236,0.0,0.0,0.0,0.0,363076.0,6921813.0,112.1386551759191
237,0.0,0.0,0.0,0.0,363075.0,6921812.0,112.17018208681812
238,0.0,0.0,0.0,0.0,363076.0,6921812.0,112.15683894724437
239,0.0,0.0,0.0,0.0,363075.0,6921812.0,112.16923767873978
240,0.0,0.0,0.0,0.0,363076.0,6921813.0,112.13293331304769
241,0.0,0.0,0.0,0.0,363076.0,6921813.0,112.12248501514918
242,0.0,0.0,0.0,0.0,363076.0,6921813.0,112.13672867232226
243,0.0,0.0,0.0,0.0,363076.0,6921812.0,112.14858506370662
244,0.0,0.0,0.0,0.0,363076.0,6921812.0,112.15654538777162
245,0.0,0.0,0.0,0.0,363076.0,6921812.0,112.15187759749611
246,0.0,0.0,0.0,0.0,363076.0,6921813.0,112.12795847596671
247,0.0,0.0,0.0,0.0,363076.0,6921813.0,112.13352567068489
248,0.0,0.0,0.0,0.0,363075.0,6921812.0,112.17127523621535
249,0.0,0.0,0.0,0.0,363076.0,6921813.0,112.12788046787793
250,0.0,0.0,0.0,0.0,363076.0,6921812.0,112.15614797889098
251,0.0,0.0,0.0,0.0,363076.0,6921813.0,112.1253261225772
252,0.0,0.0,0.0,0.0,363076.0,6921813.0,112.13284315684452
253,0.0,0.0,0.0,0.0,363076.0,6921812.0,112.1592921202818
254,0.0,0.0,0.0,0.0,363076.0,6921813.0,112.14056506931205
255,0.0,0.0,0.0,0.0,363076.0,6921813.0,112.14007902384232
256,0.0,0.0,0.0,0.0,363076.0,6921813.0,112.12253651343931
257,0.0,0.0,0.0,0.0,363075.0,6921812.0,112.16551923414589
258,0.0,0.0,0.0,0.0,363076.0,6921812.0,112.15276905441355
259,0.0,0.0,0.0,0.0,363076.0,6921813.0,112.14393089625678
260,0.0,0.0,0.0,0.0,363076.0,6921813.0,112.13769232033654
261,0.0,0.0,0.0,0.0,363076.0,6921813.0,112.13229936599949
262,0.0,0.0,0.0,0.0,363076.0,6921812.0,112.15535811359383
263,0.0,0.0,0.0,0.0,363076.0,6921812.0,112.15358484682696
264,0.0,0.0,0.0,0.0,363076.0,6921813.0,112.12079478231004
265,0.0,0.0,0.0,0.0,363076.0,6921812.0,112.15849798434537
266,0.0,0.0,0.0,0.0,363076.0,6921813.0,112.14443119799164
267,0.0,0.0,0.0,0.0,363075.0,6921812.0,112.16625413564805
268,0.0,0.0,0.0,0.0,363076.0,6921812.0,112.16296186933089
269,0.0,0.0,0.0,0.0,363076.0,6921813.0,112.13113790134518
270,0.0,0.0,0.0,0.0,363076.0,6921813.0,112.1204251703281
271,0.0,0.0,0.0,0.0,363076.0,6921812.0,112.1464295260295
272,0.0,0.0,0.0,0.0,363076.0,6921812.0,112.15663920012307
273,0.0,0.0,0.0,0.0,363076.0,6921813.0,112.139880792277
274,0.0,0.0,0.0,0.0,363076.0,6921812.0,112.15756230200637
275,0.0,0.0,0.0,0.0,363076.0,6921813.0,112.13690222544871
276,0.0,0.0,0.0,0.0,363076.0,6921812.0,112.15226647532651
277,0.0,0.0,0.0,0.0,363076.0,6921812.0,112.16277594895045
278,0.0,0.0,0.0,0.0,363076.0,6921813.0,112.12724251319972
279,0.0,0.0,0.0,0.0,363076.0,6921812.0,112.15011427730833
280,0.0,0.0,0.0,0.0,363076.0,6921813.0,112.12630154422605
281,0.0,0.0,0.0,0.0,363076.0,6921813.0,112.12753638109858
282,0.0,0.0,0.0,0.0,363075.0,6921812.0,112.16964822460042
283,0.0,0.0,0.0,0.0,363076.0,6921813.0,112.13725842399943
284,0.0,0.0,0.0,0.0,363076.0,6921812.0,112.16168874020104
285,0.0,0.0,0.0,0.0,363076.0,6921812.0,112.14874598378513
286,0.0,0.0,0.0,0.0,363075.0,6921812.0,112.16712184167936
287,0.0,0.0,0.0,0.0,363076.0,6921813.0,112.12367266589685
288,0.0,0.0,0.0,0.0,363076.0,6921813.0,112.13651695043907
289,0.0,0.0,0.0,0.0,363076.0,6921813.0,112.14082437260487
290,0.0,0.0,0.0,0.0,363076.0,6921813.0,112.1412257814459
291,0.0,0.0,0.0,0.0,363075.0,6921812.0,112.16499394455677
292,0.0,0.0,0.0,0.0,363076.0,6921812.0,112.1573708429755
293,0.0,0.0,0.0,0.0,363076.0,6921813.0,112.14381391710901
294,0.0,0.0,0.0,0.0,363075.0,6921812.0,112.16363693218976
295,0.0,0.0,0.0,0.0,363076.0,6921813.0,112.13736937598121
296,0.0,0.0,0.0,0.0,363076.0,6921813.0,112.13533417889487
297,0.0,0.0,0.0,0.0,363076.0,6921813.0,112.13030718337725
298,0.0,0.0,0.0,0.0,363076.0,6921813.0,112.12332360813748
299,0.0,0.0,0.0,0.0,363076.0,6921813.0,112.13326419666598
300,0.0,0.0,0.0,0.0,363076.0,6921812.0,112.16184043372354
301,0.0,0.0,0.0,0.0,363076.0,6921813.0,112.14061790439388
302,0.0,0.0,0.0,0.0,363076.0,6921813.0,112.13613303453086
303,0.0,0.0,0.0,0.0,363076.0,6921813.0,112.13912219201875
304,0.0,0.0,0.0,0.0,363076.0,6921813.0,112.13859977147582
305,0.0,0.0,0.0,0.0,363076.0,6921812.0,112.15421546248663
306,0.0,0.0,0.0,0.0,363075.0,6921812.0,112.17092287136028
307,0.0,0.0,0.0,0.0,363075.0,6921812.0,112.16693974295906
308,0.0,0.0,0.0,0.0,363076.0,6921812.0,112.15580554831288
309,0.0,0.0,0.0,0.0,363075.0,6921812.0,112.16367728394954
310,0.0,0.0,0.0,0.0,363076.0,6921812.0,112.15219447942744
311,0.0,0.0,0.0,0.0,363076.0,6921812.0,112.15467404510646
312,0.0,0.0,0.0,0.0,363076.0,6921813.0,112.12699208685166
313,0.0,0.0,0.0,0.0,363075.0,6921812.0,112.16555764024206
314,0.0,0.0,0.0,0.0,363076.0,6921813.0,112.12225646146794
315,0.0,0.0,0.0,0.0,363076.0,6921813.0,112.123861622071
316,0.0,0.0,0.0,0.0,363076.0,6921813.0,112.1405379262789
317,0.0,0.0,0.0,0.0,363076.0,6921812.0,112.1534873052993
318,0.0,0.0,0.0,0.0,363076.0,6921812.0,112.15070417187155
319,0.0,0.0,0.0,0.0,363076.0,6921813.0,112.12294982882669
320,0.0,0.0,0.0,0.0,363075.0,6921812.0,112.168096505214
321,0.0,0.0,0.0,0.0,363075.0,6921812.0,112.16901362168926
322,0.0,0.0,0.0,0.0,363076.0,6921812.0,112.14675950050524
323,0.0,0.0,0.0,0.0,363076.0,6921813.0,112.14058742013215
324,0.0,0.0,0.0,0.0,363076.0,6921813.0,112.14117996336968
325,0.0,0.0,0.0,0.0,363076.0,6921813.0,112.12846078661102
326,0.0,0.0,0.0,0.0,363076.0,6921812.0,112.1610271128991
327,0.0,0.0,0.0,0.0,363075.0,6921812.0,112.16568228450947
328,0.0,0.0,0.0,0.0,363076.0,6921813.0,112.1213231492426
329,0.0,0.0,0.0,0.0,363076.0,6921812.0,112.15033606733088
330,0.0,0.0,0.0,0.0,363076.0,6921813.0,112.13182505909002
331,0.0,0.0,0.0,0.0,363076.0,6921812.0,112.15989603725212
332,0.0,0.0,0.0,0.0,363076.0,6921812.0,112.15866692262861
333,0.0,0.0,0.0,0.0,363076.0,6921813.0,112.13658376292769
334,0.0,0.0,0.0,0.0,363076.0,6921813.0,112.13835387658803
335,0.0,0.0,0.0,0.0,363076.0,6921812.0,112.14628085375749
336,0.0,0.0,0.0,0.0,363076.0,6921813.0,112.12721122271152
337,0.0,0.0,0.0,0.0,363076.0,6921813.0,112.11865477933749
338,0.0,0.0,0.0,0.0,363076.0,6921813.0,112.12606489809194
339,0.0,0.0,0.0,0.0,363076.0,6921812.0,112.14901821270745
340,0.0,0.0,0.0,0.0,363076.0,6921812.0,112.14900006918857
341,0.0,0.0,0.0,0.0,363076.0,6921813.0,112.14422949198695
342,0.0,0.0,0.0,0.0,363076.0,6921812.0,112.16209778795658
343,0.0,0.0,0.0,0.0,363076.0,6921812.0,112.15786157956425
344,0.0,0.0,0.0,0.0,363076.0,6921812.0,112.15041059276953
345,0.0,0.0,0.0,0.0,363076.0,6921812.0,112.15481220247433
346,0.0,0.0,0.0,0.0,363076.0,6921812.0,112.15106354960542
347,0.0,0.0,0.0,0.0,363076.0,6921813.0,112.1221336815945
348,0.0,0.0,0.0,0.0,363075.0,6921812.0,112.16535634677324
349,0.0,0.0,0.0,0.0,363076.0,6921812.0,112.15278668612154
350,0.0,0.0,0.0,0.0,363076.0,6921812.0,112.1468578433111
351,0.0,0.0,0.0,0.0,363076.0,6921812.0,112.15326280394336
352,0.0,0.0,0.0,0.0,363076.0,6921813.0,112.13082429318656
353,0.0,0.0,0.0,0.0,363076.0,6921812.0,112.14950260072865
354,0.0,0.0,0.0,0.0,363075.0,6921812.0,112.1637500897307
355,0.0,0.0,0.0,0.0,363076.0,6921813.0,112.1199515137718
356,0.0,0.0,0.0,0.0,363076.0,6921812.0,112.15694073170819
357,0.0,0.0,0.0,0.0,363076.0,6921813.0,112.141892231817
358,0.0,0.0,0.0,0.0,363076.0,6921813.0,112.12441463807001
359,0.0,0.0,0.0,0.0,363076.0,6921812.0,112.15338198060614
360,0.0,0.0,0.0,0.0,363075.0,6921812.0,112.16881080496078
361,0.0,0.0,0.0,0.0,363076.0,6921812.0,112.16003717980446
362,0.0,0.0,0.0,0.0,363076.0,6921812.0,112.14924460724878
363,0.0,0.0,0.0,0.0,363076.0,6921813.0,112.13885607355479
364,0.0,0.0,0.0,0.0,363075.0,6921812.0,112.16523640667062
365,0.0,0.0,0.0,0.0,363076.0,6921813.0,112.13526386652282
366,0.0,0.0,0.0,0.0,363076.0,6921813.0,112.13237998355419
367,0.0,0.0,0.0,0.0,363076.0,6921812.0,112.15513227112635
368,0.0,0.0,0.0,0.0,363075.0,6921812.0,112.16954592721635
369,0.0,0.0,0.0,0.0,363076.0,6921813.0,112.12556214123283
370,0.0,0.0,0.0,0.0,363076.0,6921813.0,112.13029002015561
371,0.0,0.0,0.0,0.0,363075.0,6921812.0,112.16445188692998
372,0.0,0.0,0.0,0.0,363075.0,6921812.0,112.16344217591129
373,0.0,0.0,0.0,0.0,363076.0,6921813.0,112.1449628889225
374,0.0,0.0,0.0,0.0,363076.0,6921812.0,112.1571639144082
375,0.0,0.0,0.0,0.0,363076.0,6921813.0,112.1235253582369
376,0.0,0.0,0.0,0.0,363076.0,6921813.0,112.12655767046861
377,0.0,0.0,0.0,0.0,363075.0,6921812.0,112.17115809634286
378,0.0,0.0,0.0,0.0,363076.0,6921813.0,112.13463057328677
379,0.0,0.0,0.0,0.0,363076.0,6921812.0,112.16180921007566
380,0.0,0.0,0.0,0.0,363076.0,6921812.0,112.15776424406077
381,0.0,0.0,0.0,0.0,363076.0,6921813.0,112.14136522242892
382,0.0,0.0,0.0,0.0,363075.0,6921812.0,112.16853991380795
383,0.0,0.0,0.0,0.0,363076.0,6921813.0,112.1435019531769
384,0.0,0.0,0.0,0.0,363075.0,6921812.0,112.1662347050047
385,0.0,0.0,0.0,0.0,363076.0,6921813.0,112.12431610366343
386,0.0,0.0,0.0,0.0,363076.0,6921812.0,112.14998854920415
387,0.0,0.0,0.0,0.0,363076.0,6921813.0,112.12528870532515
388,0.0,0.0,0.0,0.0,363076.0,6921813.0,112.13550577684256
389,0.0,0.0,0.0,0.0,363075.0,6921812.0,112.16517491388993
390,0.0,0.0,0.0,0.0,363076.0,6921812.0,112.16197794418898
391,0.0,0.0,0.0,0.0,363076.0,6921813.0,112.12344332822217
392,0.0,0.0,0.0,0.0,363076.0,6921812.0,112.14659813141512
393,0.0,0.0,0.0,0.0,363076.0,6921813.0,112.14120859556317
394,0.0,0.0,0.0,0.0,363075.0,6921812.0,112.16521830821583
395,0.0,0.0,0.0,0.0,363076.0,6921813.0,112.13014035031561
396,0.0,0.0,0.0,0.0,363076.0,6921813.0,112.13489836734487
397,0.0,0.0,0.0,0.0,363076.0,6921812.0,112.15776110124652
398,0.0,0.0,0.0,0.0,363076.0,6921813.0,112.11840050576261
399,0.0,0.0,0.0,0.0,363075.0,6921812.0,112.1702360074413
400,0.0,0.0,0.0,0.0,363075.0,6921812.0,112.17101218903083
401,0.0,0.0,0.0,0.0,363076.0,6921813.0,112.14175718370073
402,0.0,0.0,0.0,0.0,363076.0,6921813.0,112.12644905162368
403,0.0,0.0,0.0,0.0,363076.0,6921813.0,112.14573535460993
404,0.0,0.0,0.0,0.0,363076.0,6921813.0,112.12906191682791
405,0.0,0.0,0.0,0.0,363076.0,6921812.0,112.15735809229248
406,0.0,0.0,0.0,0.0,363076.0,6921813.0,112.12702755731046
407,0.0,0.0,0.0,0.0,363076.0,6921812.0,112.16126196203861
408,0.0,0.0,0.0,0.0,363075.0,6921812.0,112.17086133525444
409,0.0,0.0,0.0,0.0,363075.0,6921812.0,112.16909406007314
410,0.0,0.0,0.0,0.0,363076.0,6921813.0,112.13389609563852
411,0.0,0.0,0.0,0.0,363076.0,6921813.0,112.13306881064416
412,0.0,0.0,0.0,0.0,363076.0,6921813.0,112.13222429570855
413,0.0,0.0,0.0,0.0,363076.0,6921813.0,112.13890033299542
414,0.0,0.0,0.0,0.0,363076.0,6921812.0,112.15419455528071
415,0.0,0.0,0.0,0.0,363076.0,6921813.0,112.14556733114394
416,0.0,0.0,0.0,0.0,363076.0,6921812.0,112.16280716382427
417,0.0,0.0,0.0,0.0,363076.0,6921813.0,112.13777944167137
418,0.0,0.0,0.0,0.0,363076.0,6921813.0,112.13405653291434
419,0.0,0.0,0.0,0.0,363076.0,6921812.0,112.1547832832265
420,0.0,0.0,0.0,0.0,363076.0,6921813.0,112.12419914331224
421,0.0,0.0,0.0,0.0,363076.0,6921813.0,112.13322513524848
422,0.0,0.0,0.0,0.0,363075.0,6921812.0,112.16790763867006
423,0.0,0.0,0.0,0.0,363076.0,6921813.0,112.13908948464861
424,0.0,0.0,0.0,0.0,363076.0,6921813.0,112.14168481883804
425,0.0,0.0,0.0,0.0,363076.0,6921813.0,112.1219054439184
426,0.0,0.0,0.0,0.0,363076.0,6921812.0,112.14703117829893
427,0.0,0.0,0.0,0.0,363076.0,6921813.0,112.14396156654198
428,0.0,0.0,0.0,0.0,363076.0,6921813.0,112.13954261923341
429,0.0,0.0,0.0,0.0,363076.0,6921813.0,112.13129965307503
430,0.0,0.0,0.0,0.0,363076.0,6921813.0,112.13336066384292
431,0.0,0.0,0.0,0.0,363076.0,6921813.0,112.12573298553785
432,0.0,0.0,0.0,0.0,363076.0,6921812.0,112.15026178068065
433,0.0,0.0,0.0,0.0,363076.0,6921813.0,112.11957646211297
434,0.0,0.0,0.0,0.0,363075.0,6921812.0,112.16343474378739
435,0.0,0.0,0.0,0.0,363076.0,6921813.0,112.13362658787884
436,0.0,0.0,0.0,0.0,363076.0,6921812.0,112.1536829503129
437,0.0,0.0,0.0,0.0,363075.0,6921812.0,112.16515244891592
438,0.0,0.0,0.0,0.0,363075.0,6921812.0,112.16579572492492
439,0.0,0.0,0.0,0.0,363075.0,6921812.0,112.17093325302795
440,0.0,0.0,0.0,0.0,363076.0,6921813.0,112.1437395833163
441,0.0,0.0,0.0,0.0,363075.0,6921812.0,112.17101920210027
442,0.0,0.0,0.0,0.0,363076.0,6921813.0,112.14058271712128
443,0.0,0.0,0.0,0.0,363076.0,6921813.0,112.12688931727624
444,0.0,0.0,0.0,0.0,363075.0,6921812.0,112.1688712168694
445,0.0,0.0,0.0,0.0,363076.0,6921813.0,112.12991688263541
446,0.0,0.0,0.0,0.0,363076.0,6921812.0,112.1489238188052
447,0.0,0.0,0.0,0.0,363076.0,6921813.0,112.12549166697735
448,0.0,0.0,0.0,0.0,363076.0,6921813.0,112.1429056749829
449,0.0,0.0,0.0,0.0,363076.0,6921813.0,112.12223326550668
450,0.0,0.0,0.0,0.0,363076.0,6921813.0,112.12172579850129
451,0.0,0.0,0.0,0.0,363076.0,6921813.0,112.12708029097827
452,0.0,0.0,0.0,0.0,363076.0,6921812.0,112.14930646694285
453,0.0,0.0,0.0,0.0,363076.0,6921812.0,112.15907027205373
454,0.0,0.0,0.0,0.0,363076.0,6921812.0,112.15919889198767
455,0.0,0.0,0.0,0.0,363076.0,6921813.0,112.13548183471835
456,0.0,0.0,0.0,0.0,363076.0,6921813.0,112.13439536152185
457,0.0,0.0,0.0,0.0,363076.0,6921813.0,112.12264433708548
458,0.0,0.0,0.0,0.0,363076.0,6921812.0,112.16081879020888
459,0.0,0.0,0.0,0.0,363076.0,6921813.0,112.11818437118751
460,0.0,0.0,0.0,0.0,363076.0,6921813.0,112.13082579483643
461,0.0,0.0,0.0,0.0,363076.0,6921813.0,112.13578777750467
462,0.0,0.0,0.0,0.0,363076.0,6921812.0,112.15034903902131
463,0.0,0.0,0.0,0.0,363076.0,6921812.0,112.15366997397635
464,0.0,0.0,0.0,0.0,363076.0,6921812.0,112.15556390998925
465,0.0,0.0,0.0,0.0,363075.0,6921812.0,112.16636275212142
466,0.0,0.0,0.0,0.0,363076.0,6921812.0,112.14760997505077
467,0.0,0.0,0.0,0.0,363075.0,6921812.0,112.17131671943197
468,0.0,0.0,0.0,0.0,363076.0,6921813.0,112.1457493096615
469,0.0,0.0,0.0,0.0,363076.0,6921813.0,112.12219914587375
470,0.0,0.0,0.0,0.0,363076.0,6921812.0,112.15367944611404
471,0.0,0.0,0.0,0.0,363076.0,6921813.0,112.14411993808758
472,0.0,0.0,0.0,0.0,363076.0,6921813.0,112.11978044593607
473,0.0,0.0,0.0,0.0,363076.0,6921813.0,112.14029768194511
474,0.0,0.0,0.0,0.0,363076.0,6921812.0,112.15826863146309
475,0.0,0.0,0.0,0.0,363076.0,6921813.0,112.1322385942608
476,0.0,0.0,0.0,0.0,363076.0,6921812.0,112.15342447428145
477,0.0,0.0,0.0,0.0,363075.0,6921812.0,112.16824125534826
478,0.0,0.0,0.0,0.0,363076.0,6921812.0,112.15515352806432
479,0.0,0.0,0.0,0.0,363076.0,6921812.0,112.15679886417163
480,0.0,0.0,0.0,0.0,363075.0,6921812.0,112.1688701291951
481,0.0,0.0,0.0,0.0,363075.0,6921812.0,112.17132218381086
482,0.0,0.0,0.0,0.0,363075.0,6921812.0,112.16404294043558
483,0.0,0.0,0.0,0.0,363076.0,6921812.0,112.15414193654021
484,0.0,0.0,0.0,0.0,363076.0,6921813.0,112.11775251539903
485,0.0,0.0,0.0,0.0,363075.0,6921812.0,112.16852196652775
486,0.0,0.0,0.0,0.0,363076.0,6921813.0,112.1397550421138
487,0.0,0.0,0.0,0.0,363075.0,6921812.0,112.16486846080656
488,0.0,0.0,0.0,0.0,363075.0,6921812.0,112.17005145815978
489,0.0,0.0,0.0,0.0,363076.0,6921813.0,112.14434421122306
490,0.0,0.0,0.0,0.0,363076.0,6921813.0,112.14576666886185
491,0.0,0.0,0.0,0.0,363076.0,6921812.0,112.15573006454795
492,0.0,0.0,0.0,0.0,363076.0,6921813.0,112.12837774495947
