Num,Speed X,Speed Y,Speed Z,Total Speed,Lo,La,Heading(Deg)
0,0.17560581460656977,-0.029517540604615533,0.08132424518336734,0.1780693329211464,361935.0,6920425.0,84.07456916056412
1,0.3354682690815025,0.0013212180698474185,0.04622800463998544,0.3354708708334115,361936.0,6920425.0,84.06477421575423
2,0.32824553250520694,0.019878530375194714,-0.001501952411331331,0.32884690294954033,361936.0,6920425.0,84.06936466504564
3,0.18427567062644812,0.01129171741126811,-0.04945612221511908,0.18462130339406427,361936.0,6920426.0,84.05070589116244
4,-0.017617190228520485,-0.016384359156518258,-0.0794322299739747,0.024058524820064535,361935.0,6920425.0,84.08194029280736
5,-0.18650679029633466,-0.03733290409684287,-0.07542097344561682,0.19020654183004593,361936.0,6920426.0,84.0667314249562
6,-0.2612294812615801,-0.02891283874475903,-0.0366854395169014,0.2628246451999406,361935.0,6920425.0,84.07971660581
7,-0.2277411714749178,0.009114022600442695,0.01867616648070225,0.22792346652490456,361935.0,6920425.0,84.08222515433721
8,-0.12020503253552306,0.05057492867365454,0.06238058226713861,0.13041116998636046,361936.0,6920425.0,84.0648094656481
9,0.023414788979607692,0.06907700983504128,0.07924244621470677,0.07293754609739725,361936.0,6920425.0,84.066610285456
10,0.146028982039752,0.04331837622714829,0.05965256686934595,0.15231856523261694,361935.0,6920425.0,84.07768983369851
11,0.18990793787452276,-0.011508236469808253,0.017790406003612702,0.1902563123115725,361936.0,6920425.0,84.06201326318808
12,0.15021813048861077,-0.06236081364363599,-0.02540956302382824,0.16264795666035767,361936.0,6920425.0,84.07136625946194
13,0.05570583583903499,-0.07831310466485775,-0.051574648016838864,0.09610453948058062,361936.0,6920426.0,84.06025058757933
14,-0.03702800108840165,-0.05116301912664767,-0.05425882630504475,0.06315637252689857,361936.0,6920426.0,84.06953140513761
15,-0.07754758186820254,0.0004433342286347397,-0.040651576173331705,0.07754884911359972,361936.0,6920426.0,84.06591470164446
16,-0.0569823166642891,0.0451535478742926,-0.023852839273743598,0.07270369521602979,361936.0,6920426.0,84.0669082143408
17,-0.01572431146087183,0.060159249525213454,-0.01118730818951974,0.06218029651228273,361936.0,6920426.0,84.05720905209418
18,-0.010711703998822486,0.04399339946417058,0.0005185505486338116,0.045278690340738365,361935.0,6920425.0,84.07775288480684
19,-0.06322078965240507,0.013172289078511312,0.018690823257401235,0.0645784595963818,361935.0,6920425.0,84.07355615017838
20,-0.13075744835532532,-0.012393220344506517,0.04439330205279646,0.13134345134380723,361936.0,6920426.0,84.05536050397438
21,-0.13384102531745157,-0.02295190945972081,0.06586154275936451,0.1357947355602342,361936.0,6920425.0,84.0688017732702
22,-0.02440834581193485,-0.0220223649705531,0.06406589729110124,0.03287479131753146,361935.0,6920425.0,84.07534029645731
23,0.14271816453401698,-0.018412451733524904,0.031878477686859696,0.14390098285556677,361936.0,6920425.0,84.0642002132048
24,0.29557966716765804,-0.018793985913134748,-0.017078833019681383,0.29617655806874155,361936.0,6920425.0,84.06269205423493
25,0.28075589491436403,-0.017004687489929893,-0.06314742744002899,0.2812703893512355,361935.0,6920425.0,84.07992164498583
26,0.08347748982941994,-0.007853816113652101,-0.07925872995990346,0.08384613131068105,361935.0,6920426.0,84.07707963786959
27,-0.17921648334777274,0.010596546410397423,-0.05878603080638811,0.17952948142121453,361936.0,6920426.0,84.06720762316266
28,-0.3360123599441067,0.031449414872781745,-0.011227733388565753,0.33748092054373724,361935.0,6920425.0,84.07354943519607
29,-0.28106899361773685,0.04248882877618598,0.03205826578927429,0.28426234316922716,361936.0,6920425.0,84.05997781085026
30,-0.05583049322467559,0.03468029374346315,0.04260696303909128,0.06572493246739351,361935.0,6920425.0,84.07548476200108
31,0.16534270791908057,0.012103312604381244,0.028101386778018878,0.16578510559761925,361936.0,6920425.0,84.06955422474167
32,0.23284159977720265,-0.019349136421737967,0.00801304486678589,0.2336441731930716,361936.0,6920425.0,84.07051202113433
33,0.10790210090362962,-0.042809944991404336,0.0011338239626468294,0.11608425719960537,361936.0,6920426.0,84.05691155200319
34,-0.08473521728319611,-0.04827359641865314,0.010200741232253563,0.09752126516417564,361936.0,6920425.0,84.07143277321381
35,-0.1657236880646451,-0.03640892840849119,0.021765441819070475,0.16967601732007512,361935.0,6920425.0,84.07995935028546
36,-0.0552205485473678,-0.011091625980839126,0.014304087645982122,0.056323468898595276,361935.0,6920425.0,84.07401240033897
37,0.1534111836235752,0.016762586463983098,-0.01591892571305209,0.1543242546256058,361936.0,6920426.0,84.06189721193255
38,0.2887817563896533,0.04077033695978116,-0.051859132286438125,0.291645543767271,361935.0,6920425.0,84.07540829636145
39,0.17319923753802868,0.050007088663051036,-0.06149413812906346,0.18027391602866102,361935.0,6920426.0,84.07169666468548
40,-0.14026273212493834,0.04173754031626231,-0.03368344589858907,0.14634089071344286,361936.0,6920426.0,84.05488213188411
41,-0.42264101140517596,0.01841134406049605,0.025459600594146536,0.42304184439805015,361936.0,6920425.0,84.07047845755349
42,-0.46686269143265235,-0.016586564231033663,0.09252943497401134,0.4671572398718981,361936.0,6920425.0,84.05739975975328
43,-0.19496911594160338,-0.04378711439471772,0.10440642369381692,0.19982559285053172,361936.0,6920425.0,84.06489526975318
44,0.2762102453425541,-0.05452832808828134,0.048801605138777404,0.281541183836925,361935.0,6920424.0,84.08188266265162
45,0.5889022322617166,-0.04024816637581807,-0.02763366336083095,0.5902759982071508,361935.0,6920425.0,84.08257959194512
46,0.5603051765638156,-0.01069964632108622,-0.0838372185123859,0.560407328035247,361935.0,6920425.0,84.08007192892555
47,0.1786360581218105,0.02303322487875903,-0.11281499526987204,0.18011488197707134,361936.0,6920426.0,84.05947222917024
48,-0.26223046981158404,0.03967265705682621,-0.09587394147338557,0.26521451509212807,361936.0,6920426.0,84.05387796583568
49,-0.543414987714641,0.03697871331553415,-0.03113719929061176,0.5446717122371749,361936.0,6920426.0,84.05108208544871
50,-0.483774479503154,0.019044842859443634,0.04748108908259496,0.48414920536761025,361936.0,6920425.0,84.0670794403062
51,-0.17586579500857624,0.0015070360348090617,0.08660667683876966,0.17587225196604714,361936.0,6920425.0,84.05416677394274
52,0.14978228405652771,-0.006790016506670327,0.08705107452200878,0.14993610953119738,361936.0,6920425.0,84.05529866674266
53,0.3031653389462008,-0.0068194331498716565,0.06929610187619062,0.3032420277713008,361936.0,6920425.0,84.07217096116747
54,0.26076664148149575,-0.0069126590358337126,0.03889277987084938,0.26085824917852346,361936.0,6920426.0,84.05841980422926
55,0.13081144903026143,-0.013763043977519374,0.0035839603522447305,0.13153348082113472,361936.0,6920426.0,84.05422383065203
56,0.029722489007326658,-0.025878669329699733,-0.035704590423293325,0.03940979420228677,361936.0,6920426.0,84.05701083909233
57,0.01175933889044245,-0.03192625346912337,-0.06743559481442674,0.03402304677295942,361936.0,6920426.0,84.0679894685978
58,0.021610738526760542,-0.019507625847268173,-0.07992549892527734,0.029113081009556816,361936.0,6920426.0,84.06170700278437
59,-0.01763331860274775,0.008449021779597388,-0.06776564220366765,0.019553002173019897,361936.0,6920426.0,84.05849916955319
60,-0.12565025079311454,0.04409690331613092,-0.02698145382062478,0.1331635175505843,361935.0,6920425.0,84.08296892583442
61,-0.211205539585535,0.059506069596295674,0.019399762070477777,0.2194282394552173,361935.0,6920425.0,84.0815893813211
62,-0.188418784937312,0.04381800948806358,0.0505192973419355,0.19344677943235206,361936.0,6920425.0,84.06310124771866
63,-0.04760692832405766,0.0027038374622634365,0.052235712382966426,0.047683648785241915,361936.0,6920425.0,84.06709606257792
64,0.12076771749434556,-0.041949793439926,0.03191758516109644,0.12784610576175762,361935.0,6920425.0,84.07384052683736
65,0.19211493557577342,-0.06509768984358288,0.010064139023029384,0.20284441745893547,361936.0,6920425.0,84.07050832583568
66,0.14988156714480283,-0.05696433021057601,0.0019032756814851837,0.16034157005007024,361936.0,6920426.0,84.0657423991413
67,0.02300219762219058,-0.016529479058817742,0.004281535335337594,0.028325338010449307,361936.0,6920426.0,84.05921611652153
68,-0.06291143001817545,0.026076068849647527,0.006649507214220307,0.06810146396064731,361935.0,6920425.0,84.08184790966266
69,-0.04202964029900613,0.04967967464779122,-0.0012876274291073742,0.06507350257035678,361936.0,6920426.0,84.05319179087371
70,0.03860628048187209,0.04606765842936511,-0.018753687413521902,0.060105524253679314,361935.0,6920425.0,84.08088355329619
71,0.06875390341974708,0.022417483622234613,-0.03157154762966741,0.07231626931337834,361936.0,6920425.0,84.0702424456226
72,-0.012821588638871617,-0.004876236347968188,-0.02588270375959212,0.013717536810436772,361936.0,6920426.0,84.0563800927261
73,-0.1476550962388501,-0.02172533639111407,-0.0015013076107806,0.14924482465603672,361936.0,6920425.0,84.07149297248421
74,-0.19995666073100438,-0.02420881043690315,0.024604495408624416,0.20141681328395578,361935.0,6920425.0,84.07758733369451
75,-0.07899369822098379,-0.01718905321922648,0.026024548680538828,0.08084224087196777,361936.0,6920425.0,84.06457411065381
76,0.13325697055734054,-0.011834279916911328,0.0017598087499948178,0.13378142764700837,361936.0,6920425.0,84.06537715022887
77,0.3035245991759439,-0.0074484841178446,-0.03549525956998423,0.3036159782036696,361936.0,6920425.0,84.07163708822668
78,0.24020356277560495,-0.004009980070236452,-0.04910705148617467,0.24023703192942109,361936.0,6920426.0,84.06184607883057
79,-0.017052538819370966,0.002811934810438288,-0.029689995904220723,0.017282825508703963,361936.0,6920426.0,84.05589708560242
80,-0.32066410436527804,0.015570677546747902,0.023467933341123626,0.32104191911283286,361936.0,6920426.0,84.0531926465155
81,-0.3861999318087328,0.02724117302363993,0.0736461291545254,0.3871594875975194,361936.0,6920426.0,84.05494789996001
82,-0.1500935102603762,0.029497312569901624,0.07693605907000745,0.15296454906653414,361935.0,6920425.0,84.08132300595418
83,0.22579506332021992,0.016879476213489397,0.026194771892775748,0.22642510315118305,361936.0,6920425.0,84.0698063589131
84,0.4484295601196209,-0.00759965289887532,-0.03434894035237335,0.4484939521479192,361936.0,6920425.0,84.06195472564997
85,0.3241136994392946,-0.032556748074057396,-0.063823394901803,0.32574473443078555,361936.0,6920426.0,84.06738358198567
86,-0.050211138463964744,-0.04405100916983429,-0.050355876249810194,0.0667955824492029,361936.0,6920426.0,84.0562356287181
87,-0.43640882743147813,-0.0343442993073495,0.00856431015193948,0.4377581473314123,361936.0,6920426.0,84.06446215453934
88,-0.47356975148431957,-0.008009055812863153,0.06397314769863272,0.473637471591864,361935.0,6920425.0,84.0732100784935
89,-0.12666119491768768,0.024532208639698183,0.0623750422937519,0.1290150671771253,361936.0,6920425.0,84.05795966371616
90,0.39398936900852277,0.045573653312089846,-0.00930652232412399,0.39661641515190027,361935.0,6920425.0,84.07555375484671
91,0.63700084246193,0.041596489114112956,-0.08132577996789792,0.638357533991594,361936.0,6920426.0,84.05797242500051
92,0.429428581232969,0.01762543820746032,-0.11389518297399093,0.4297901376855519,361936.0,6920426.0,84.06255998970843
93,-0.16419640604908636,-0.01693838641529055,-0.09231449815665371,0.1650677700030813,361935.0,6920426.0,84.07174976135269
94,-0.6270981282705179,-0.03621718076033176,-0.0016521325540708176,0.6281430940976853,361935.0,6920425.0,84.07497627387335
95,-0.7681564927088402,-0.03901485236553981,0.11927669362279403,0.7691466414123196,361936.0,6920425.0,84.06603875098119
96,-0.3508583805478338,-0.015730893285876846,0.16688366871335347,0.35121085433713495,361936.0,6920424.0,84.0704626624462
97,0.3047709049542391,0.01431823920881925,0.11175656547017354,0.30510705740881644,361936.0,6920424.0,84.06914786497074
98,0.7463725716979752,0.03252166830236547,0.023048552226114793,0.7470807685198557,361936.0,6920425.0,84.05798037279183
99,0.691162142425128,0.028826469498426377,-0.04757036252826197,0.691763017561243,361936.0,6920426.0,84.06789868792566
100,0.24533534733109263,0.008307755601890676,-0.09281931442210123,0.24547596919700432,361936.0,6920426.0,84.05989811652881
101,-0.3192252273493068,-0.017884775535890185,-0.0988670978812678,0.31972583719834996,361935.0,6920426.0,84.07577983483776
102,-0.5385532134778259,-0.029010885909883655,-0.054836144563239486,0.5393340293812073,361936.0,6920426.0,84.06258498063917
103,-0.3988084141656145,-0.02191663241603692,-0.011336590436883398,0.3994101776191388,361935.0,6920425.0,84.07801658033725
104,-0.02228363023732527,0.00040295491714914533,0.003579970788436526,0.022287273256706208,361936.0,6920425.0,84.05658083844807
105,0.2575522256120166,0.02034044893321152,0.003088321609112654,0.25835418088451306,361936.0,6920425.0,84.06345842612197
106,0.24564877409375185,0.025633845430661495,0.01013380765279237,0.2469826193182957,361936.0,6920426.0,84.05767929556669
107,0.0085934070057192,0.015069115041796977,0.026977380175807752,0.01734718628795044,361936.0,6920426.0,84.06586886246643
108,-0.21108428714342153,-0.0021295036549418,0.04740659466627051,0.21109502851716533,361936.0,6920426.0,84.0556660274666
109,-0.2101651258089987,-0.013858825946613251,0.05494139527598918,0.210621573355938,361935.0,6920425.0,84.07861993727843
110,0.01100452333503199,-0.014194211950098179,0.03303051691240455,0.017960378245336972,361936.0,6920425.0,84.06009073929556
111,0.26158491436490294,-0.0068434681065809855,-0.00763310499173997,0.2616744169364277,361935.0,6920425.0,84.08270974499018
112,0.32683810862181417,-0.0005683840726078415,-0.04018557154878977,0.3268386028423491,361936.0,6920426.0,84.06443576924502
113,0.14441568976053532,-0.0008977084598882357,-0.05002161440280872,0.14441847987529205,361935.0,6920425.0,84.08229753586113
114,-0.15077625465892197,-0.005269581205880058,-0.03331201463502964,0.1508683116332169,361936.0,6920426.0,84.06886833201108
115,-0.34010526367637794,-0.005791022014136615,0.004016070138490591,0.340154562392373,361936.0,6920425.0,84.07004691046839
116,-0.3002437007262415,0.002183363599783661,0.035564298568004915,0.3002516393001006,361936.0,6920425.0,84.07036226329063
117,-0.05506568373675691,0.017026906577370937,0.03909004350759915,0.057638052300464246,361936.0,6920425.0,84.05908166467881
118,0.18540220199611213,0.02575900747842752,0.015324469766824222,0.18718307341018003,361936.0,6920425.0,84.06540676408204
119,0.29433277041334804,0.02018741433971627,-0.01828456352086505,0.2950242556755631,361936.0,6920425.0,84.07062327061331
120,0.21044216166956176,-0.001005188594831452,-0.04510117727889451,0.2104445623252574,361935.0,6920425.0,84.07279697769067
121,0.018696129959607788,-0.02637719739595923,-0.054033417556453855,0.032331127693477416,361935.0,6920425.0,84.07897678138744
122,-0.1481131864602503,-0.03935482266399504,-0.03741393008716898,0.15325246513620383,361936.0,6920426.0,84.05236386410013
123,-0.20779242327080283,-0.029815360928751033,0.0007821270602192953,0.20992057287475227,361935.0,6920425.0,84.07954095606308
124,-0.16023018292798952,-0.00024412770642356918,0.04614996834384044,0.16023036890512993,361935.0,6920425.0,84.07350532366661
125,-0.06493475857496378,0.02938414909237963,0.07411799521570117,0.07127377560556215,361936.0,6920425.0,84.07202230840025
126,0.0352168769313721,0.04245547283005635,0.07253313004660811,0.05516063445993947,361936.0,6920425.0,84.05588599260605
127,0.12055848361796961,0.03277648639596009,0.04029564414857134,0.12493456700500788,361936.0,6920425.0,84.07155439745745
128,0.18670615509563504,0.005973075813585638,-0.014529903892608331,0.18680167554192376,361936.0,6920426.0,84.05956056187935
129,0.19069893132382276,-0.023234806536152064,-0.06757774834071029,0.19210918417093048,361936.0,6920426.0,84.06702997860953
130,0.09130600475145911,-0.03670644844532944,-0.08584332396800676,0.09840807823112441,361936.0,6920426.0,84.0554181955149
131,-0.09558681049838924,-0.03094268515155818,-0.059202374815825465,0.100470334455716,361936.0,6920426.0,84.06062269353737
132,-0.27389627680349804,-0.011479760293013896,0.0027361766254330178,0.2741367457003958,361935.0,6920425.0,84.08087237499109
133,-0.30994502086741704,0.010755012436902689,0.06539285937968486,0.3101315628133027,361936.0,6920425.0,84.07188620412396
134,-0.12995618716104218,0.025004443119200914,0.0810403744083743,0.13233983813325895,361935.0,6920425.0,84.07254257928756
135,0.16897909591989446,0.030362435951474254,0.045837588120321016,0.17168521303482215,361935.0,6920425.0,84.08075104524582
136,0.40726898659613653,0.021601140488769488,-0.025109399554779088,0.40784143574857573,361935.0,6920425.0,84.07294971965683
137,0.3911419374117031,0.004751602590431503,-0.08149534614354081,0.3911707976438912,361935.0,6920425.0,84.0757882736477
138,0.10949516573873552,-0.01355193095037066,-0.09501941380051449,0.11033062200783958,361935.0,6920426.0,84.07120284869552
139,-0.3190582705747147,-0.028944424059318408,-0.050108335111715974,0.32036847489454,361936.0,6920426.0,84.0622613457042
140,-0.5563739147874003,-0.03131025028665135,0.03826298189117949,0.5572542192113669,361935.0,6920425.0,84.07833827858246
141,-0.43952327978331596,-0.01815047780439727,0.11263228750543419,0.4398978896471441,361936.0,6920425.0,84.07178180299238
142,-0.0241440676518323,0.005972397707978416,0.11681685102331585,0.02487178194578187,361935.0,6920424.0,84.07771406763854
143,0.4229734222553816,0.028950458158192305,0.06015668511182071,0.42396302310696693,361936.0,6920425.0,84.06742314843171
144,0.6068318275947604,0.037265599272018335,-0.006090005473282645,0.6079749928007727,361936.0,6920425.0,84.0681128616379
145,0.42971703071543743,0.02549348192474099,-0.06275609711899222,0.43047258229478363,361936.0,6920426.0,84.06087496500052
146,0.005429254329101241,-0.0013677130812084215,-0.09344003461407624,0.00559887860580788,361936.0,6920426.0,84.06804701377109
147,-0.37564400862265757,-0.02749406933219234,-0.08179650578426845,0.3766488352066718,361936.0,6920426.0,84.06981809601157
148,-0.47168129672172654,-0.03689209562196538,-0.03516982209532671,0.47312183673602476,361936.0,6920426.0,84.05864777603625
149,-0.2561628230341739,-0.023514423613733015,0.0026076380937212207,0.25723981033798715,361935.0,6920425.0,84.0749642017334
150,0.047006587205942196,0.0009097325045104299,0.018149501884323627,0.04701538954405899,361935.0,6920425.0,84.08252684013783
151,0.24102419226437632,0.023903632348947212,0.029228278466817414,0.24220661612798416,361936.0,6920425.0,84.06954338567351
152,0.1832310050531305,0.02958636135758752,0.044448016572360416,0.18560429410755044,361936.0,6920426.0,84.06214745757802
153,-0.0011035124907721183,0.02012580325470026,0.057927373093633605,0.02015603374833932,361935.0,6920425.0,84.07882319222654
154,-0.139438028618315,0.0031535015074268813,0.05933374703531058,0.1394736835274647,361936.0,6920426.0,84.06008339705491
155,-0.08183864019429166,-0.00821035704973383,0.034944865269324055,0.08224945587500773,361936.0,6920426.0,84.0532287389324
156,0.13310472756529634,-0.012968697589599287,-0.02152982529331382,0.13373502016077254,361936.0,6920425.0,84.06605499138732
157,0.29287165839832596,-0.014590214374834432,-0.07780615095086318,0.2932348591973495,361936.0,6920426.0,84.06586975254206
158,0.23615785496531316,-0.018306523608089265,-0.10422967264666738,0.2368663362920772,361936.0,6920426.0,84.05557091942902
159,-0.04212660910525301,-0.021719919689644485,-0.08356322115027126,0.04739626679424648,361936.0,6920426.0,84.0635331446957
160,-0.36556223451498226,-0.015661093835888096,-0.013739973690292118,0.3658975500925407,361936.0,6920426.0,84.0568538330464
161,-0.4993615877947377,0.006568899310082088,0.07896770877394488,0.49940479152990463,361936.0,6920425.0,84.06303407142872
162,-0.32223552633240615,0.03886550192873983,0.13632300817604914,0.32457088851419763,361936.0,6920425.0,84.0676943977052
163,0.057581175678933505,0.060993535689704004,0.11958903324945425,0.08387969473298887,361936.0,6920425.0,84.06749887900642
164,0.4646246296397294,0.05337716298470241,0.03793665709430627,0.4676806260645732,361936.0,6920425.0,84.05826185040303
165,0.5940849191119923,0.008937649942026837,-0.053526709776861026,0.5941521460895254,361936.0,6920426.0,84.0582083525594
166,0.38581865830110473,-0.052252748973842245,-0.1231482925880556,0.3893409647963954,361936.0,6920426.0,84.04897682181445
167,-0.036872239088552305,-0.09441239985505945,-0.14335608487314744,0.1013571076037344,361935.0,6920426.0,84.0762967333934
168,-0.42877216239958216,-0.08797075549182409,-0.09209883870383351,0.43770357671672727,361935.0,6920426.0,84.07205729568591
169,-0.5738515128177823,-0.03061775575588399,0.011832102534228284,0.5746677350702616,361936.0,6920426.0,84.06320769624364
170,-0.4078921382097178,0.04770394219008267,0.10444299146328717,0.41067220810978955,361935.0,6920425.0,84.072949002467
171,-0.04358370660611399,0.10227487688439396,0.13237092636266823,0.11117414233195491,361935.0,6920425.0,84.07590685393905
172,0.30807064935743256,0.10214788989401313,0.09486654693937169,0.3245638864773923,361936.0,6920425.0,84.06792260142092
173,0.46225261153722386,0.04917307371158586,0.025193096386644243,0.46486069746885317,361936.0,6920425.0,84.06918601407159
174,0.3576191641968762,-0.024376704363362478,-0.04242251952369713,0.35844900657763173,361936.0,6920426.0,84.05107947926228
175,0.07835509396500129,-0.07751268509537113,-0.08009152060601821,0.11021677322875294,361935.0,6920425.0,84.07786231014384
176,-0.204157941630001,-0.08605152563006868,-0.07046712181654868,0.22155209363456999,361936.0,6920426.0,84.05120728013443
177,-0.33178351790866145,-0.05432639958939944,-0.023928740569729712,0.33620181505785207,361936.0,6920426.0,84.06641095679527
178,-0.24670142792729166,-0.007353330749424458,0.021750198819603384,0.24681099249116745,361936.0,6920426.0,84.05817411724155
179,-0.019455024312264868,0.028860452620165233,0.03412231920762565,0.034805512443169394,361935.0,6920425.0,84.07430335852044
180,0.1976276103141572,0.04337798650794866,0.013152564072669293,0.20233220720381656,361936.0,6920425.0,84.06537919302747
181,0.26495906156469573,0.041641671532488544,-0.018013504924638823,0.26821135903101473,361935.0,6920425.0,84.07777461248409
182,0.15247063841343333,0.03471897160352455,-0.03584329995248936,0.15637359932995812,361936.0,6920426.0,84.05415631972164
183,-0.08376346929708234,0.025452682526747594,-0.027997940327395554,0.08754517597498253,361936.0,6920426.0,84.05369406165764
184,-0.2598513767043187,0.01033163408294513,0.004752223232955544,0.26005668735480275,361936.0,6920426.0,84.06336404605486
185,-0.26879748992541863,-0.014172902238556162,0.03879943204580627,0.2691708783432361,361935.0,6920425.0,84.07878397538894
186,-0.09195925903895841,-0.04697109401149646,0.051561601190712736,0.10326078149825854,361936.0,6920425.0,84.06702827742572
187,0.13165453033707308,-0.06604503998687505,0.03565906732674762,0.1472917603436907,361936.0,6920425.0,84.05717075978757
188,0.28340084056253545,-0.05656024873360366,0.00687898644116558,0.28898978903822664,361936.0,6920425.0,84.06348345175425
189,0.24372414106437645,-0.01437062763159247,-0.013172572889033063,0.24414743880715595,361935.0,6920425.0,84.08275729238301
190,0.06245938408483198,0.041933748543669935,-0.020052357658286724,0.07523040560292296,361935.0,6920426.0,84.07324759673821
191,-0.12057174727942765,0.08062593666466,-0.016697387843933598,0.14504512368593414,361935.0,6920425.0,84.07631925858655
192,-0.20273889787858934,0.0812837515678666,-0.012049163146627961,0.2184264383767948,361936.0,6920425.0,84.06915362130039
193,-0.13961122209366295,0.0419688113919392,-0.016958752646729636,0.1457829704188327,361936.0,6920425.0,84.0688157821468
194,-0.0022869154599902686,-0.021886627278604465,-0.028859034460992916,0.02200578187553661,361936.0,6920426.0,84.05192979614355
195,0.0746929240949612,-0.06912829168584267,-0.029010847583279542,0.10177304958218841,361936.0,6920426.0,84.05753245664997
196,0.04309820643356943,-0.07942874438981562,-0.006796098052674893,0.09036802992836146,361936.0,6920426.0,84.05220279577352
197,-0.04640202169866825,-0.0515095472064786,0.03050227904978442,0.0693280684221054,361936.0,6920425.0,84.06989615538689
198,-0.08630102602637635,-0.0040403799681598684,0.06034086105259462,0.08639555407248914,361935.0,6920425.0,84.07995953910924
199,-0.01691694982127956,0.03599434372347332,0.05939391620977119,0.03977154725855198,361935.0,6920425.0,84.07815989110455
200,0.13184846461172128,0.05571014553822806,0.02099550847169951,0.14313503392377028,361936.0,6920426.0,84.05612806008588
201,0.2366912360639617,0.04920281368583801,-0.035924856959681506,0.2417512318564051,361936.0,6920425.0,84.06869418346133
202,0.17727187381296972,0.023744858615373232,-0.07974389243180724,0.17885506857739739,361935.0,6920425.0,84.076724981622
203,-0.04236496204157447,-0.004539475870615206,-0.07924716802968135,0.04260747410917413,361936.0,6920426.0,84.05720160422436
204,-0.2931371642762315,-0.025852207513139547,-0.028740482682678703,0.29427492878805145,361935.0,6920425.0,84.07944167230715
205,-0.40455543328789645,-0.034385297117864866,0.05156055686121874,0.406014097366879,361935.0,6920425.0,84.07385112318124
206,-0.29430214518470166,-0.029516962365505606,0.11221487253337159,0.29577863974195956,361936.0,6920425.0,84.06678247067771
207,0.0027464444474389893,-0.013585360881052111,0.12029775295268053,0.013860194348251018,361936.0,6920425.0,84.06162396400543
208,0.33765505479550484,0.0074193899854435585,0.06594093852228866,0.33773655913553613,361936.0,6920425.0,84.0718809592828
209,0.4958818227987649,0.021453150994261705,-0.016390774910917116,0.4963456657107104,361936.0,6920426.0,84.05462059155872
210,0.4239744044798499,0.02212796896458258,-0.09481170044381315,0.4245514605610737,361935.0,6920426.0,84.07390851689325
211,0.14301441619863908,0.008108907677524257,-0.15375513031671062,0.14324411898699427,361935.0,6920426.0,84.07775238226415
212,-0.1692890466438257,-0.009720163610609234,-0.15612560561940825,0.16956787105519847,361936.0,6920426.0,84.05853594569012
213,-0.42980812308996974,-0.020694387217190524,-0.08828763110322768,0.4303060310249179,361936.0,6920426.0,84.05250816454003
214,-0.5064355547301602,-0.01343969029278469,0.024194633738474636,0.5066138533143474,361936.0,6920426.0,84.05797394228844
215,-0.39686177861767646,0.007899172965153411,0.1340544014077949,0.396940383761994,361935.0,6920425.0,84.07731598996253
216,-0.13928002098964498,0.028666853838785755,0.1912447907003667,0.1421995525868146,361935.0,6920424.0,84.08358087966073
217,0.18584832483156788,0.032633869003575455,0.17170558942993353,0.1886917307378426,361936.0,6920425.0,84.06098943321652
218,0.454457557511887,0.015321912715080543,0.09303414349588479,0.45471577121199414,361935.0,6920424.0,84.08221087077189
219,0.5779254903791298,-0.017614835231825055,-0.023509321642620762,0.5781938730652565,361936.0,6920426.0,84.05716511564111
220,0.44722461384480994,-0.042451023948046895,-0.12248166603626487,0.44923484355387777,361936.0,6920426.0,84.05647288474458
221,0.10286342893323308,-0.04460315237793111,-0.17539142829306797,0.11211746614132534,361936.0,6920426.0,84.06892600973359
222,-0.3046530517167412,-0.022669535221098158,-0.15684695981633467,0.30549531869975355,361935.0,6920426.0,84.08176366104948
223,-0.5674030957607101,0.009823775000086243,-0.06962887612282032,0.5674881317121002,361936.0,6920426.0,84.05786425732396
224,-0.540099433242176,0.034270591837639586,0.037107911860090326,0.5411856162661955,361936.0,6920425.0,84.05808404364666
225,-0.24095544446026906,0.039732181907652375,0.10060040579134011,0.24420928011479948,361936.0,6920425.0,84.06639813061832
226,0.14881467716804764,0.028758576802943026,0.10208265479676015,0.15156801733994218,361936.0,6920425.0,84.05902608693799
227,0.39949990220065956,0.012269722019482288,0.06881239297342745,0.3996882759561155,361936.0,6920425.0,84.06037992322803
228,0.3848634868836598,-0.0008080058677251145,0.02866539061308515,0.38486433507111467,361935.0,6920425.0,84.07349201928605
229,0.17580456689302082,-0.00956974354551221,-0.005517640105239252,0.17606483388788774,361936.0,6920426.0,84.0505616952548
230,-0.07124936899344902,-0.020063352454258165,-0.030813729462977335,0.07402033972948545,361935.0,6920425.0,84.07238348297716
231,-0.17673450479833264,-0.03494270107808006,-0.04418161545046928,0.1801557036148007,361936.0,6920426.0,84.05345671565524
232,-0.10036586314072338,-0.045208059328842864,-0.04926015870310607,0.11007758678433403,361936.0,6920425.0,84.06786178442653
233,0.021524457538362185,-0.03880506689142749,-0.04396004760323535,0.04437494212693599,361936.0,6920425.0,84.06888384959876
234,0.054296254888868134,-0.005067824621391992,-0.015889047900259357,0.05453224863647311,361936.0,6920425.0,84.07110764874915
235,-0.05525512129224808,0.04400507636830753,0.03091349953713518,0.07063692501235898,361936.0,6920426.0,84.05493619569236
236,-0.18576905284589884,0.08251235650050148,0.0754677505926793,0.20326935324964313,361935.0,6920425.0,84.07544957048617
237,-0.19326015591559553,0.08767126319753515,0.09188578270716619,0.21221625351318352,361935.0,6920425.0,84.07537018630387
238,0.010569399391897605,0.04221005330293792,0.04903326034849442,0.04351322561408549,361935.0,6920425.0,84.07356905053976
239,0.27373259975775,-0.02822610783766777,-0.029780946486681614,0.27518402812263687,361936.0,6920425.0,84.05632893010576
240,0.4168823385043652,-0.09809735130659192,-0.10780215841748486,0.4282685775191043,361936.0,6920426.0,84.05954466626324
241,0.27511152851275256,-0.11864984869703221,-0.1309268364517635,0.29960664164275747,361936.0,6920426.0,84.06473954873269
242,-0.09317673375335289,-0.08181260086359998,-0.09288904169359569,0.12399679581751269,361935.0,6920426.0,84.07734599765877
243,-0.45354501548445114,0.0017593652489722444,0.0048745703914221394,0.45354842788490657,361936.0,6920426.0,84.06447715055111
244,-0.513007415197535,0.07793575218329352,0.09903332050306801,0.5188936206160486,361936.0,6920425.0,84.06307948088468
245,-0.21913095113632153,0.11930846298582765,0.13633855819541907,0.2495052766695517,361936.0,6920425.0,84.06499912009127
246,0.1923956305881802,0.10180029380421729,0.09301490206759411,0.2176680465480601,361936.0,6920425.0,84.06670747810512
247,0.4750901944726138,0.03957600008334339,0.015390127090810779,0.47673572623270305,361936.0,6920425.0,84.05400296564915
248,0.39893295456295164,-0.037857151825733126,-0.04710263974288864,0.4007251753766946,361936.0,6920426.0,84.06219239729796
249,0.06377402373800578,-0.08563318786173113,-0.0658175049075993,0.10677157377831546,361936.0,6920426.0,84.05983729767897
250,-0.3068373948281078,-0.09439544743258921,-0.03849783562195341,0.32102910671915535,361936.0,6920426.0,84.05821849986523
251,-0.38682107826389256,-0.06363248878869854,0.008775796672111369,0.39201994875093327,361936.0,6920425.0,84.06627863859964
252,-0.1652080086978458,-0.0166780888065432,0.027586788502063087,0.1660477183948832,361936.0,6920425.0,84.06023369389735
253,0.20969148952190153,0.03209587133824243,0.002995138714680934,0.21213360350230878,361935.0,6920425.0,84.08097931080394
254,0.40043147484539077,0.06024899801275296,-0.03398757562372623,0.4049386469681494,361936.0,6920426.0,84.05732098168028
255,0.2756922203661816,0.06585974431459363,-0.05602567936335845,0.2834496538922192,361935.0,6920425.0,84.0793455487005
256,-0.06632791269566951,0.052102924089467706,-0.05116023169179584,0.08434516406550639,361935.0,6920426.0,84.0722005413295
257,-0.36774570904526627,0.025313560902304744,-0.01437474506630565,0.3686159015652476,361936.0,6920425.0,84.06896937494133
258,-0.4159519026916314,-0.007566292223941673,0.03537226263652826,0.41602071358383885,361936.0,6920426.0,84.05417250539043
259,-0.2148751618778988,-0.03749619092161538,0.06293859792563694,0.2181222123619771,361936.0,6920425.0,84.0692060210917
260,0.08715380552985152,-0.05939596857899687,0.06240715514749695,0.1054687958676516,361936.0,6920425.0,84.05542419870307
261,0.27570355990064854,-0.06292896152274352,0.04874327606152917,0.282794107329381,361935.0,6920425.0,84.08404536155177
262,0.24816892154376546,-0.043253977405015576,0.03462633886549327,0.2519101430700027,361935.0,6920425.0,84.07254908475056
263,0.11873605109030905,-0.007117682152966154,0.0165438100702886,0.1189491959945553,361936.0,6920426.0,84.06850374846078
264,0.020962186072210898,0.039032830658243256,-0.014676937352646746,0.044305474990356294,361936.0,6920426.0,84.06049587389299
265,0.036426749661586655,0.06936147886278832,-0.05258242307462524,0.07834489671281042,361936.0,6920426.0,84.06986129225925
266,0.0863886221213761,0.07354633136060329,-0.09074070984958382,0.11345508753966731,361936.0,6920426.0,84.06380993974233
267,0.029038606412541412,0.044425074025866707,-0.09962762879702325,0.05307379640261499,361936.0,6920426.0,84.06124235873236
268,-0.15886142617546284,-0.0031917992453145416,-0.06723416489151646,0.15889348730808453,361936.0,6920426.0,84.06444136804498
