Time,T1_Alpha_OT,T1_Distance,T1_Speed,T2_Alpha_OT,T2_Distance,T2_Speed,T3_Alpha_OT,T3_Distance,T3_Speed,T4_Alpha_OT,T4_Distance,T4_Speed,T5_Alpha_OT,T5_Distance,T5_Speed
1,291.027,0.731,0.0,102.395,1.691,0.0,86.157,0.969,0.0,127.836,2.215,0.0,112.873,2.262,0.0
1,291.027,0.731,0.0,102.395,1.691,0.0,86.157,0.969,0.0,127.836,2.215,0.0,112.873,2.262,0.0
1,291.027,0.731,0.0,102.395,1.691,0.0,86.157,0.969,0.0,127.836,2.215,0.0,112.873,2.262,0.0
2,291.027,0.731,0.0,102.395,1.691,0.0,86.157,0.969,0.0,127.836,2.215,0.0,112.873,2.262,0.0
3,291.027,0.731,0.0,102.395,1.691,0.0,86.157,0.969,0.0,127.836,2.215,0.0,112.873,2.262,0.0
4,291.027,0.731,0.0,102.395,1.691,0.0,86.157,0.969,0.0,127.836,2.215,0.0,112.873,2.262,0.0
5,291.027,0.731,0.0,102.395,1.691,0.0,86.157,0.969,0.0,127.836,2.215,0.0,112.873,2.262,0.0
6,291.027,0.731,0.0,102.395,1.691,0.0,86.157,0.969,0.0,127.836,2.215,0.0,112.873,2.262,0.0
7,291.027,0.731,0.0,102.395,1.691,0.0,86.157,0.969,0.0,127.836,2.215,0.0,112.873,2.262,0.0
8,291.027,0.731,0.0,102.395,1.691,0.0,86.157,0.969,0.0,127.836,2.215,0.0,112.873,2.262,0.0
9,291.027,0.731,0.0,102.395,1.691,0.0,86.157,0.969,0.0,127.836,2.215,0.0,112.873,2.262,0.0
10,291.027,0.731,0.0,102.395,1.691,0.0,86.157,0.969,0.0,127.836,2.215,0.0,112.873,2.262,0.0
11,291.027,0.731,0.0,102.395,1.691,0.0,86.157,0.969,0.0,127.836,2.215,0.0,112.873,2.262,0.0
12,291.027,0.731,0.0,102.395,1.691,0.0,86.157,0.969,0.0,127.836,2.215,0.0,112.873,2.262,0.0
13,291.027,0.731,0.0,102.395,1.691,0.0,86.157,0.969,0.0,127.836,2.215,0.0,112.873,2.262,0.0
14,291.027,0.731,0.0,102.395,1.691,0.0,86.157,0.969,0.0,127.836,2.215,0.0,112.873,2.262,0.0
15,291.027,0.731,0.0,102.395,1.691,0.0,86.157,0.969,0.0,127.836,2.215,0.0,112.873,2.262,0.0
16,291.027,0.731,0.0,102.395,1.691,0.0,86.157,0.969,0.0,127.836,2.215,0.0,112.873,2.262,0.0
17,291.027,0.731,0.0,102.395,1.691,0.0,86.157,0.969,0.0,127.836,2.215,0.0,112.873,2.262,0.0
18,291.027,0.731,0.0,102.395,1.691,0.0,86.157,0.969,0.0,127.836,2.215,0.0,112.873,2.262,0.0
19,291.027,0.731,0.0,102.395,1.691,0.0,86.157,0.969,0.0,127.836,2.215,0.0,112.873,2.262,0.0
20,291.027,0.731,0.0,102.395,1.691,0.0,86.157,0.969,0.0,127.836,2.215,0.0,112.873,2.262,0.0
21,291.027,0.731,0.0,102.395,1.691,0.0,86.157,0.969,0.0,127.836,2.215,0.0,112.873,2.262,0.0
22,291.027,0.731,0.0,102.395,1.691,0.0,86.157,0.969,0.0,127.836,2.215,0.0,112.873,2.262,0.0
23,291.027,0.731,0.0,102.395,1.691,0.0,86.157,0.969,0.0,127.836,2.215,0.0,112.873,2.262,0.0
24,291.027,0.731,0.0,102.395,1.691,0.0,86.157,0.969,0.0,127.836,2.215,0.0,112.873,2.262,0.0
25,291.027,0.731,0.0,102.395,1.691,0.0,86.157,0.969,0.0,127.836,2.215,0.0,112.873,2.262,0.0
26,291.027,0.731,0.0,102.395,1.691,0.0,86.157,0.969,0.0,127.836,2.215,0.0,112.873,2.262,0.0
27,291.027,0.731,0.0,102.395,1.691,0.0,86.157,0.969,0.0,127.836,2.215,0.0,112.873,2.262,0.0
28,291.027,0.731,0.0,102.395,1.691,0.0,86.157,0.969,0.0,127.836,2.215,0.0,112.873,2.262,0.0
29,291.027,0.731,0.0,102.395,1.691,0.0,86.157,0.969,0.0,127.836,2.215,0.0,112.873,2.262,0.0
30,291.027,0.731,0.0,102.395,1.691,0.0,86.157,0.969,0.0,127.836,2.215,0.0,112.873,2.262,0.0
31,291.027,0.731,0.0,102.395,1.691,0.0,86.157,0.969,0.0,127.836,2.215,0.0,112.873,2.262,0.0
32,291.027,0.731,0.0,102.395,1.691,0.0,86.157,0.969,0.0,127.836,2.215,0.0,112.873,2.262,0.0
33,291.027,0.731,0.0,102.395,1.691,0.0,86.157,0.969,0.0,127.836,2.215,0.0,112.873,2.262,0.0
34,291.027,0.731,0.0,102.395,1.691,0.0,86.157,0.969,0.0,127.836,2.215,0.0,112.873,2.262,0.0
35,291.027,0.731,0.0,102.395,1.691,0.0,86.157,0.969,0.0,127.836,2.215,0.0,112.873,2.262,0.0
36,291.027,0.731,0.0,102.395,1.691,0.0,86.157,0.969,0.0,127.836,2.215,0.0,112.873,2.262,0.0
37,291.027,0.731,0.0,102.395,1.691,0.0,86.157,0.969,0.0,127.836,2.215,0.0,112.873,2.262,0.0
38,291.027,0.731,0.0,102.395,1.691,0.0,86.157,0.969,0.0,127.836,2.215,0.0,112.873,2.262,0.0
39,291.027,0.731,0.0,102.395,1.691,0.0,86.157,0.969,0.0,127.836,2.215,0.0,112.873,2.262,0.0
40,291.027,0.731,0.0,102.395,1.691,0.0,86.157,0.969,0.0,127.836,2.215,0.0,112.873,2.262,0.0
41,291.027,0.731,0.0,102.395,1.691,0.0,86.157,0.969,0.0,127.836,2.215,0.0,112.873,2.262,0.0
42,291.027,0.731,0.0,102.395,1.691,0.0,86.157,0.969,0.0,127.836,2.215,0.0,112.873,2.262,0.0
43,291.027,0.731,0.0,102.395,1.691,0.0,86.157,0.969,0.0,127.836,2.215,0.0,112.873,2.262,0.0
44,291.027,0.731,0.0,102.395,1.691,0.0,86.157,0.969,0.0,127.836,2.215,0.0,112.873,2.262,0.0
45,291.027,0.731,0.0,102.395,1.691,0.0,86.157,0.969,0.0,127.836,2.215,0.0,112.873,2.262,0.0
46,291.027,0.731,0.0,102.395,1.691,0.0,86.157,0.969,0.0,127.836,2.215,0.0,112.873,2.262,0.0
47,291.027,0.731,0.0,102.395,1.691,0.0,86.157,0.969,0.0,127.836,2.215,0.0,112.873,2.262,0.0
48,291.027,0.731,0.0,102.395,1.691,0.0,86.157,0.969,0.0,127.836,2.215,0.0,112.873,2.262,0.0
49,291.027,0.731,0.0,102.395,1.691,0.0,86.157,0.969,0.0,127.836,2.215,0.0,112.873,2.262,0.0
50,291.027,0.731,0.0,102.395,1.691,0.0,86.157,0.969,0.0,127.836,2.215,0.0,112.873,2.262,0.0
51,291.027,0.731,0.0,102.395,1.691,0.0,86.157,0.969,0.0,127.836,2.215,0.0,112.873,2.262,0.0
52,291.027,0.731,0.0,102.395,1.691,0.0,86.157,0.969,0.0,127.836,2.215,0.0,112.873,2.262,0.0
53,291.027,0.731,0.0,102.395,1.691,0.0,86.157,0.969,0.0,127.836,2.215,0.0,112.873,2.262,0.0
54,291.027,0.731,0.0,102.395,1.691,0.0,86.157,0.969,0.0,127.836,2.215,0.0,112.873,2.262,0.0
55,291.027,0.731,0.0,102.395,1.691,0.0,86.157,0.969,0.0,127.836,2.215,0.0,112.873,2.262,0.0
56,291.027,0.731,0.0,102.395,1.691,0.0,86.157,0.969,0.0,127.836,2.215,0.0,112.873,2.262,0.0
57,291.027,0.731,0.0,102.395,1.691,0.0,86.157,0.969,0.0,127.836,2.215,0.0,112.873,2.262,0.0
58,291.027,0.731,0.0,102.395,1.691,0.0,86.157,0.969,0.0,127.836,2.215,0.0,112.873,2.262,0.0
59,291.027,0.731,0.0,102.395,1.691,0.0,86.157,0.969,0.0,127.836,2.215,0.0,112.873,2.262,0.0
60,291.027,0.731,0.0,102.395,1.691,0.0,86.157,0.969,0.0,127.836,2.215,0.0,112.873,2.262,0.0
61,291.027,0.731,0.0,102.395,1.691,0.0,86.157,0.969,0.0,127.836,2.215,0.0,112.873,2.262,0.0
62,291.027,0.731,0.0,102.395,1.691,0.0,86.157,0.969,0.0,127.836,2.215,0.0,112.873,2.262,0.0
63,291.027,0.731,0.0,102.395,1.691,0.0,86.157,0.969,0.0,127.836,2.215,0.0,112.873,2.262,0.0
64,291.027,0.731,0.0,102.395,1.691,0.0,86.157,0.969,0.0,127.836,2.215,0.0,112.873,2.262,0.0
65,291.027,0.731,0.0,102.395,1.691,0.0,86.157,0.969,0.0,127.836,2.215,0.0,112.873,2.262,0.0
66,291.027,0.731,0.0,102.395,1.691,0.0,86.157,0.969,0.0,127.836,2.215,0.0,112.873,2.262,0.0
67,291.027,0.731,0.0,102.395,1.691,0.0,86.157,0.969,0.0,127.836,2.215,0.0,112.873,2.262,0.0
68,291.027,0.731,0.0,102.395,1.691,0.0,86.157,0.969,0.0,127.836,2.215,0.0,112.873,2.262,0.0
69,291.027,0.731,0.0,102.395,1.691,0.0,86.157,0.969,0.0,127.836,2.215,0.0,112.873,2.262,0.0
70,291.027,0.731,0.0,102.395,1.691,0.0,86.157,0.969,0.0,127.836,2.215,0.0,112.873,2.262,0.0
71,291.027,0.731,0.0,102.395,1.691,0.0,86.157,0.969,0.0,127.836,2.215,0.0,112.873,2.262,0.0
72,291.027,0.731,0.0,102.395,1.691,0.0,86.157,0.969,0.0,127.836,2.215,0.0,112.873,2.262,0.0
73,291.027,0.731,0.0,102.395,1.691,0.0,86.157,0.969,0.0,127.836,2.215,0.0,112.873,2.262,0.0
74,291.027,0.731,0.0,102.395,1.691,0.0,86.157,0.969,0.0,127.836,2.215,0.0,112.873,2.262,0.0
75,291.027,0.731,0.0,102.395,1.691,0.0,86.157,0.969,0.0,127.836,2.215,0.0,112.873,2.262,0.0
76,291.027,0.731,0.0,102.395,1.691,0.0,86.157,0.969,0.0,127.836,2.215,0.0,112.873,2.262,0.0
77,291.027,0.731,0.0,102.395,1.691,0.0,86.157,0.969,0.0,127.836,2.215,0.0,112.873,2.262,0.0
78,291.027,0.731,0.0,102.395,1.691,0.0,86.157,0.969,0.0,127.836,2.215,0.0,112.873,2.262,0.0
79,291.027,0.731,0.0,102.395,1.691,0.0,86.157,0.969,0.0,127.836,2.215,0.0,112.873,2.262,0.0
80,291.027,0.731,0.0,102.395,1.691,0.0,86.157,0.969,0.0,127.836,2.215,0.0,112.873,2.262,0.0
81,291.027,0.731,0.0,102.395,1.691,0.0,86.157,0.969,0.0,127.836,2.215,0.0,112.873,2.262,0.0
82,291.027,0.731,0.0,102.395,1.691,0.0,86.157,0.969,0.0,127.836,2.215,0.0,112.873,2.262,0.0
83,291.027,0.731,0.0,102.395,1.691,0.0,86.157,0.969,0.0,127.836,2.215,0.0,112.873,2.262,0.0
84,291.027,0.731,0.0,102.395,1.691,0.0,86.157,0.969,0.0,127.836,2.215,0.0,112.873,2.262,0.0
85,291.027,0.731,0.0,102.395,1.691,0.0,86.157,0.969,0.0,127.836,2.215,0.0,112.873,2.262,0.0
86,291.027,0.731,0.0,102.395,1.691,0.0,86.157,0.969,0.0,127.836,2.215,0.0,112.873,2.262,0.0
87,291.027,0.731,0.0,102.395,1.691,0.0,86.157,0.969,0.0,127.836,2.215,0.0,112.873,2.262,0.0
88,291.027,0.731,0.0,102.395,1.691,0.0,86.157,0.969,0.0,127.836,2.215,0.0,112.873,2.262,0.0
89,291.027,0.731,0.0,102.395,1.691,0.0,86.157,0.969,0.0,127.836,2.215,0.0,112.873,2.262,0.0
90,291.027,0.731,0.0,102.395,1.691,0.0,86.157,0.969,0.0,127.836,2.215,0.0,112.873,2.262,0.0
91,291.027,0.731,0.0,102.395,1.691,0.0,86.157,0.969,0.0,127.836,2.215,0.0,112.873,2.262,0.0
92,291.027,0.731,0.0,102.395,1.691,0.0,86.157,0.969,0.0,127.836,2.215,0.0,112.873,2.262,0.0
93,291.027,0.731,0.0,102.395,1.691,0.0,86.157,0.969,0.0,127.836,2.215,0.0,112.873,2.262,0.0
94,291.027,0.731,0.0,102.395,1.691,0.0,86.157,0.969,0.0,127.836,2.215,0.0,112.873,2.262,0.0
95,291.027,0.731,0.0,102.395,1.691,0.0,86.157,0.969,0.0,127.836,2.215,0.0,112.873,2.262,0.0
96,291.027,0.731,0.0,102.395,1.691,0.0,86.157,0.969,0.0,127.836,2.215,0.0,112.873,2.262,0.0
97,291.027,0.731,0.0,102.395,1.691,0.0,86.157,0.969,0.0,127.836,2.215,0.0,112.873,2.262,0.0
98,291.027,0.731,0.0,102.395,1.691,0.0,86.157,0.969,0.0,127.836,2.215,0.0,112.873,2.262,0.0
99,291.027,0.731,0.0,102.395,1.691,0.0,86.157,0.969,0.0,127.836,2.215,0.0,112.873,2.262,0.0
100,291.027,0.731,0.0,102.395,1.691,0.0,86.157,0.969,0.0,127.836,2.215,0.0,112.873,2.262,0.0
101,291.027,0.731,0.0,102.395,1.691,0.0,86.157,0.969,0.0,127.836,2.215,0.0,112.873,2.262,0.0
102,291.027,0.731,0.0,102.395,1.691,0.0,86.157,0.969,0.0,127.836,2.215,0.0,112.873,2.262,0.0
103,291.027,0.731,0.0,102.395,1.691,0.0,86.157,0.969,0.0,127.836,2.215,0.0,112.873,2.262,0.0
104,291.027,0.731,0.0,102.395,1.691,0.0,86.157,0.969,0.0,127.836,2.215,0.0,112.873,2.262,0.0
105,291.027,0.731,0.0,102.395,1.691,0.0,86.157,0.969,0.0,127.836,2.215,0.0,112.873,2.262,0.0
106,291.027,0.731,0.0,102.395,1.691,0.0,86.157,0.969,0.0,127.836,2.215,0.0,112.873,2.262,0.0
107,291.027,0.731,0.0,102.395,1.691,0.0,86.157,0.969,0.0,127.836,2.215,0.0,112.873,2.262,0.0
108,291.027,0.731,0.0,102.395,1.691,0.0,86.157,0.969,0.0,127.836,2.215,0.0,112.873,2.262,0.0
109,291.027,0.731,0.0,102.395,1.691,0.0,86.157,0.969,0.0,127.836,2.215,0.0,112.873,2.262,0.0
110,291.027,0.731,0.0,102.395,1.691,0.0,86.157,0.969,0.0,127.836,2.215,0.0,112.873,2.262,0.0
111,291.027,0.731,0.0,102.395,1.691,0.0,86.157,0.969,0.0,127.836,2.215,0.0,112.873,2.262,0.0
112,291.027,0.731,0.0,102.395,1.691,0.0,86.157,0.969,0.0,127.836,2.215,0.0,112.873,2.262,0.0
113,291.027,0.731,0.0,102.395,1.691,0.0,86.157,0.969,0.0,127.836,2.215,0.0,112.873,2.262,0.0
114,291.027,0.731,0.0,102.395,1.691,0.0,86.157,0.969,0.0,127.836,2.215,0.0,112.873,2.262,0.0
115,291.027,0.731,0.0,102.395,1.691,0.0,86.157,0.969,0.0,127.836,2.215,0.0,112.873,2.262,0.0
116,291.027,0.731,0.0,102.395,1.691,0.0,86.157,0.969,0.0,127.836,2.215,0.0,112.873,2.262,0.0
117,291.027,0.731,0.0,102.395,1.691,0.0,86.157,0.969,0.0,127.836,2.215,0.0,112.873,2.262,0.0
118,291.027,0.731,0.0,102.395,1.691,0.0,86.157,0.969,0.0,127.836,2.215,0.0,112.873,2.262,0.0
119,291.027,0.731,0.0,102.395,1.691,0.0,86.157,0.969,0.0,127.836,2.215,0.0,112.873,2.262,0.0
120,291.027,0.731,0.0,102.395,1.691,0.0,86.157,0.969,0.0,127.836,2.215,0.0,112.873,2.262,0.0
121,291.027,0.731,0.0,102.395,1.691,0.0,86.157,0.969,0.0,127.836,2.215,0.0,112.873,2.262,0.0
122,291.027,0.731,0.0,102.395,1.691,0.0,86.157,0.969,0.0,127.836,2.215,0.0,112.873,2.262,0.0
123,291.027,0.731,0.0,102.395,1.691,0.0,86.157,0.969,0.0,127.836,2.215,0.0,112.873,2.262,0.0
124,291.027,0.731,0.0,102.395,1.691,0.0,86.157,0.969,0.0,127.836,2.215,0.0,112.873,2.262,0.0
125,291.027,0.731,0.0,102.395,1.691,0.0,86.157,0.969,0.0,127.836,2.215,0.0,112.873,2.262,0.0
126,291.027,0.731,0.0,102.395,1.691,0.0,86.157,0.969,0.0,127.836,2.215,0.0,112.873,2.262,0.0
127,291.027,0.731,0.0,102.395,1.691,0.0,86.157,0.969,0.0,127.836,2.215,0.0,112.873,2.262,0.0
128,291.027,0.731,0.0,102.395,1.691,0.0,86.157,0.969,0.0,127.836,2.215,0.0,112.873,2.262,0.0
129,291.027,0.731,0.0,102.395,1.691,0.0,86.157,0.969,0.0,127.836,2.215,0.0,112.873,2.262,0.0
130,291.027,0.731,0.0,102.395,1.691,0.0,86.157,0.969,0.0,127.836,2.215,0.0,112.873,2.262,0.0
131,291.027,0.731,0.0,102.395,1.691,0.0,86.157,0.969,0.0,127.836,2.215,0.0,112.873,2.262,0.0
132,291.027,0.731,0.0,102.395,1.691,0.0,86.157,0.969,0.0,127.836,2.215,0.0,112.873,2.262,0.0
133,291.027,0.731,0.0,102.395,1.691,0.0,86.157,0.969,0.0,127.836,2.215,0.0,112.873,2.262,0.0
134,291.027,0.731,0.0,102.395,1.691,0.0,86.157,0.969,0.0,127.836,2.215,0.0,112.873,2.262,0.0
135,291.027,0.731,0.0,102.395,1.691,0.0,86.157,0.969,0.0,127.836,2.215,0.0,112.873,2.262,0.0
136,291.027,0.731,0.0,102.395,1.691,0.0,86.157,0.969,0.0,127.836,2.215,0.0,112.873,2.262,0.0
137,291.027,0.731,0.0,102.395,1.691,0.0,86.157,0.969,0.0,127.836,2.215,0.0,112.873,2.262,0.0
138,291.027,0.731,0.0,102.395,1.691,0.0,86.157,0.969,0.0,127.836,2.215,0.0,112.873,2.262,0.0
139,291.027,0.731,0.0,102.395,1.691,0.0,86.157,0.969,0.0,127.836,2.215,0.0,112.873,2.262,0.0
140,291.027,0.731,0.0,102.395,1.691,0.0,86.157,0.969,0.0,127.836,2.215,0.0,112.873,2.262,0.0
141,291.027,0.731,0.0,102.395,1.691,0.0,86.157,0.969,0.0,127.836,2.215,0.0,112.873,2.262,0.0
142,291.027,0.731,0.0,102.395,1.691,0.0,86.157,0.969,0.0,127.836,2.215,0.0,112.873,2.262,0.0
143,291.027,0.731,0.0,102.395,1.691,0.0,86.157,0.969,0.0,127.836,2.215,0.0,112.873,2.262,0.0
144,291.027,0.731,0.0,102.395,1.691,0.0,86.157,0.969,0.0,127.836,2.215,0.0,112.873,2.262,0.0
145,291.027,0.731,0.0,102.395,1.691,0.0,86.157,0.969,0.0,127.836,2.215,0.0,112.873,2.262,0.0
146,291.027,0.731,0.0,102.395,1.691,0.0,86.157,0.969,0.0,127.836,2.215,0.0,112.873,2.262,0.0
147,291.027,0.731,0.0,102.395,1.691,0.0,86.157,0.969,0.0,127.836,2.215,0.0,112.873,2.262,0.0
148,291.027,0.731,0.0,102.395,1.691,0.0,86.157,0.969,0.0,127.836,2.215,0.0,112.873,2.262,0.0
149,291.027,0.731,0.0,102.395,1.691,0.0,86.157,0.969,0.0,127.836,2.215,0.0,112.873,2.262,0.0
150,291.027,0.731,0.0,102.395,1.691,0.0,86.157,0.969,0.0,127.836,2.215,0.0,112.873,2.262,0.0
151,291.027,0.731,0.0,102.395,1.691,0.0,86.157,0.969,0.0,127.836,2.215,0.0,112.873,2.262,0.0
152,291.027,0.731,0.0,102.395,1.691,0.0,86.157,0.969,0.0,127.836,2.215,0.0,112.873,2.262,0.0
153,291.027,0.731,0.0,102.395,1.691,0.0,86.157,0.969,0.0,127.836,2.215,0.0,112.873,2.262,0.0
154,291.027,0.731,0.0,102.395,1.691,0.0,86.157,0.969,0.0,127.836,2.215,0.0,112.873,2.262,0.0
155,291.027,0.731,0.0,102.395,1.691,0.0,86.157,0.969,0.0,127.836,2.215,0.0,112.873,2.262,0.0
156,291.027,0.731,0.0,102.395,1.691,0.0,86.157,0.969,0.0,127.836,2.215,0.0,112.873,2.262,0.0
157,291.027,0.731,0.0,102.395,1.691,0.0,86.157,0.969,0.0,127.836,2.215,0.0,112.873,2.262,0.0
158,291.027,0.731,0.0,102.395,1.691,0.0,86.157,0.969,0.0,127.836,2.215,0.0,112.873,2.262,0.0
159,291.027,0.731,0.0,102.395,1.691,0.0,86.157,0.969,0.0,127.836,2.215,0.0,112.873,2.262,0.0
160,291.027,0.731,0.0,102.395,1.691,0.0,86.157,0.969,0.0,127.836,2.215,0.0,112.873,2.262,0.0
161,291.027,0.731,0.0,102.395,1.691,0.0,86.157,0.969,0.0,127.836,2.215,0.0,112.873,2.262,0.0
162,291.027,0.731,0.0,102.395,1.691,0.0,86.157,0.969,0.0,127.836,2.215,0.0,112.873,2.262,0.0
163,291.027,0.731,0.0,102.395,1.691,0.0,86.157,0.969,0.0,127.836,2.215,0.0,112.873,2.262,0.0
164,291.027,0.731,0.0,102.395,1.691,0.0,86.157,0.969,0.0,127.836,2.215,0.0,112.873,2.262,0.0
165,291.027,0.731,0.0,102.395,1.691,0.0,86.157,0.969,0.0,127.836,2.215,0.0,112.873,2.262,0.0
166,291.027,0.731,0.0,102.395,1.691,0.0,86.157,0.969,0.0,127.836,2.215,0.0,112.873,2.262,0.0
167,291.027,0.731,0.0,102.395,1.691,0.0,86.157,0.969,0.0,127.836,2.215,0.0,112.873,2.262,0.0
168,291.027,0.731,0.0,102.395,1.691,0.0,86.157,0.969,0.0,127.836,2.215,0.0,112.873,2.262,0.0
169,291.027,0.731,0.0,102.395,1.691,0.0,86.157,0.969,0.0,127.836,2.215,0.0,112.873,2.262,0.0
170,291.027,0.731,0.0,102.395,1.691,0.0,86.157,0.969,0.0,127.836,2.215,0.0,112.873,2.262,0.0
171,291.027,0.731,0.0,102.395,1.691,0.0,86.157,0.969,0.0,127.836,2.215,0.0,112.873,2.262,0.0
172,291.027,0.731,0.0,102.395,1.691,0.0,86.157,0.969,0.0,127.836,2.215,0.0,112.873,2.262,0.0
173,291.027,0.731,0.0,102.395,1.691,0.0,86.157,0.969,0.0,127.836,2.215,0.0,112.873,2.262,0.0
174,291.027,0.731,0.0,102.395,1.691,0.0,86.157,0.969,0.0,127.836,2.215,0.0,112.873,2.262,0.0
175,291.027,0.731,0.0,102.395,1.691,0.0,86.157,0.969,0.0,127.836,2.215,0.0,112.873,2.262,0.0
176,291.027,0.731,0.0,102.395,1.691,0.0,86.157,0.969,0.0,127.836,2.215,0.0,112.873,2.262,0.0
177,291.027,0.731,0.0,102.395,1.691,0.0,86.157,0.969,0.0,127.836,2.215,0.0,112.873,2.262,0.0
178,291.027,0.731,0.0,102.395,1.691,0.0,86.157,0.969,0.0,127.836,2.215,0.0,112.873,2.262,0.0
179,291.027,0.731,0.0,102.395,1.691,0.0,86.157,0.969,0.0,127.836,2.215,0.0,112.873,2.262,0.0
180,291.027,0.731,0.0,102.395,1.691,0.0,86.157,0.969,0.0,127.836,2.215,0.0,112.873,2.262,0.0
181,291.027,0.731,0.0,102.395,1.691,0.0,86.157,0.969,0.0,127.836,2.215,0.0,112.873,2.262,0.0
182,291.027,0.731,0.0,102.395,1.691,0.0,86.157,0.969,0.0,127.836,2.215,0.0,112.873,2.262,0.0
183,291.027,0.731,0.0,102.395,1.691,0.0,86.157,0.969,0.0,127.836,2.215,0.0,112.873,2.262,0.0
184,291.027,0.731,0.0,102.395,1.691,0.0,86.157,0.969,0.0,127.836,2.215,0.0,112.873,2.262,0.0
185,291.027,0.731,0.0,102.395,1.691,0.0,86.157,0.969,0.0,127.836,2.215,0.0,112.873,2.262,0.0
186,291.027,0.731,0.0,102.395,1.691,0.0,86.157,0.969,0.0,127.836,2.215,0.0,112.873,2.262,0.0
187,291.027,0.731,0.0,102.395,1.691,0.0,86.157,0.969,0.0,127.836,2.215,0.0,112.873,2.262,0.0
188,291.027,0.731,0.0,102.395,1.691,0.0,86.157,0.969,0.0,127.836,2.215,0.0,112.873,2.262,0.0
189,291.027,0.731,0.0,102.395,1.691,0.0,86.157,0.969,0.0,127.836,2.215,0.0,112.873,2.262,0.0
190,291.027,0.731,0.0,102.395,1.691,0.0,86.157,0.969,0.0,127.836,2.215,0.0,112.873,2.262,0.0
191,291.027,0.731,0.0,102.395,1.691,0.0,86.157,0.969,0.0,127.836,2.215,0.0,112.873,2.262,0.0
192,291.027,0.731,0.0,102.395,1.691,0.0,86.157,0.969,0.0,127.836,2.215,0.0,112.873,2.262,0.0
193,291.027,0.731,0.0,102.395,1.691,0.0,86.157,0.969,0.0,127.836,2.215,0.0,112.873,2.262,0.0
194,291.027,0.731,0.0,102.395,1.691,0.0,86.157,0.969,0.0,127.836,2.215,0.0,112.873,2.262,0.0
195,291.027,0.731,0.0,102.395,1.691,0.0,86.157,0.969,0.0,127.836,2.215,0.0,112.873,2.262,0.0
196,291.027,0.731,0.0,102.395,1.691,0.0,86.157,0.969,0.0,127.836,2.215,0.0,112.873,2.262,0.0
197,291.027,0.731,0.0,102.395,1.691,0.0,86.157,0.969,0.0,127.836,2.215,0.0,112.873,2.262,0.0
198,291.027,0.731,0.0,102.395,1.691,0.0,86.157,0.969,0.0,127.836,2.215,0.0,112.873,2.262,0.0
199,291.027,0.731,0.0,102.395,1.691,0.0,86.157,0.969,0.0,127.836,2.215,0.0,112.873,2.262,0.0
200,291.027,0.731,0.0,102.395,1.691,0.0,86.157,0.969,0.0,127.836,2.215,0.0,112.873,2.262,0.0
201,291.027,0.731,0.0,102.395,1.691,0.0,86.157,0.969,0.0,127.836,2.215,0.0,112.873,2.262,0.0
202,291.027,0.731,0.0,102.395,1.691,0.0,86.157,0.969,0.0,127.836,2.215,0.0,112.873,2.262,0.0
203,291.027,0.731,0.0,102.395,1.691,0.0,86.157,0.969,0.0,127.836,2.215,0.0,112.873,2.262,0.0
204,291.027,0.731,0.0,102.395,1.691,0.0,86.157,0.969,0.0,127.836,2.215,0.0,112.873,2.262,0.0
205,291.027,0.731,0.0,102.395,1.691,0.0,86.157,0.969,0.0,127.836,2.215,0.0,112.873,2.262,0.0
206,291.027,0.731,0.0,102.395,1.691,0.0,86.157,0.969,0.0,127.836,2.215,0.0,112.873,2.262,0.0
207,291.027,0.731,0.0,102.395,1.691,0.0,86.157,0.969,0.0,127.836,2.215,0.0,112.873,2.262,0.0
208,291.027,0.731,0.0,102.395,1.691,0.0,86.157,0.969,0.0,127.836,2.215,0.0,112.873,2.262,0.0
209,291.027,0.731,0.0,102.395,1.691,0.0,86.157,0.969,0.0,127.836,2.215,0.0,112.873,2.262,0.0
210,291.027,0.731,0.0,102.395,1.691,0.0,86.157,0.969,0.0,127.836,2.215,0.0,112.873,2.262,0.0
211,291.027,0.731,0.0,102.395,1.691,0.0,86.157,0.969,0.0,127.836,2.215,0.0,112.873,2.262,0.0
212,291.027,0.731,0.0,102.395,1.691,0.0,86.157,0.969,0.0,127.836,2.215,0.0,112.873,2.262,0.0
213,291.027,0.731,0.0,102.395,1.691,0.0,86.157,0.969,0.0,127.836,2.215,0.0,112.873,2.262,0.0
214,291.027,0.731,0.0,102.395,1.691,0.0,86.157,0.969,0.0,127.836,2.215,0.0,112.873,2.262,0.0
215,291.027,0.731,0.0,102.395,1.691,0.0,86.157,0.969,0.0,127.836,2.215,0.0,112.873,2.262,0.0
216,291.027,0.731,0.0,102.395,1.691,0.0,86.157,0.969,0.0,127.836,2.215,0.0,112.873,2.262,0.0
217,291.027,0.731,0.0,102.395,1.691,0.0,86.157,0.969,0.0,127.836,2.215,0.0,112.873,2.262,0.0
218,291.027,0.731,0.0,102.395,1.691,0.0,86.157,0.969,0.0,127.836,2.215,0.0,112.873,2.262,0.0
219,291.027,0.731,0.0,102.395,1.691,0.0,86.157,0.969,0.0,127.836,2.215,0.0,112.873,2.262,0.0
220,291.027,0.731,0.0,102.395,1.691,0.0,86.157,0.969,0.0,127.836,2.215,0.0,112.873,2.262,0.0
221,291.027,0.731,0.0,102.395,1.691,0.0,86.157,0.969,0.0,127.836,2.215,0.0,112.873,2.262,0.0
222,291.027,0.731,0.0,102.395,1.691,0.0,86.157,0.969,0.0,127.836,2.215,0.0,112.873,2.262,0.0
223,291.027,0.731,0.0,102.395,1.691,0.0,86.157,0.969,0.0,127.836,2.215,0.0,112.873,2.262,0.0
224,291.027,0.731,0.0,102.395,1.691,0.0,86.157,0.969,0.0,127.836,2.215,0.0,112.873,2.262,0.0
225,291.027,0.731,0.0,102.395,1.691,0.0,86.157,0.969,0.0,127.836,2.215,0.0,112.873,2.262,0.0
226,291.027,0.731,0.0,102.395,1.691,0.0,86.157,0.969,0.0,127.836,2.215,0.0,112.873,2.262,0.0
227,291.027,0.731,0.0,102.395,1.691,0.0,86.157,0.969,0.0,127.836,2.215,0.0,112.873,2.262,0.0
228,291.027,0.731,0.0,102.395,1.691,0.0,86.157,0.969,0.0,127.836,2.215,0.0,112.873,2.262,0.0
229,291.027,0.731,0.0,102.395,1.691,0.0,86.157,0.969,0.0,127.836,2.215,0.0,112.873,2.262,0.0
230,291.027,0.731,0.0,102.395,1.691,0.0,86.157,0.969,0.0,127.836,2.215,0.0,112.873,2.262,0.0
231,291.027,0.731,0.0,102.395,1.691,0.0,86.157,0.969,0.0,127.836,2.215,0.0,112.873,2.262,0.0
232,291.027,0.731,0.0,102.395,1.691,0.0,86.157,0.969,0.0,127.836,2.215,0.0,112.873,2.262,0.0
233,291.027,0.731,0.0,102.395,1.691,0.0,86.157,0.969,0.0,127.836,2.215,0.0,112.873,2.262,0.0
234,291.027,0.731,0.0,102.395,1.691,0.0,86.157,0.969,0.0,127.836,2.215,0.0,112.873,2.262,0.0
235,291.027,0.731,0.0,102.395,1.691,0.0,86.157,0.969,0.0,127.836,2.215,0.0,112.873,2.262,0.0
236,291.027,0.731,0.0,102.395,1.691,0.0,86.157,0.969,0.0,127.836,2.215,0.0,112.873,2.262,0.0
237,291.027,0.731,0.0,102.395,1.691,0.0,86.157,0.969,0.0,127.836,2.215,0.0,112.873,2.262,0.0
238,291.027,0.731,0.0,102.395,1.691,0.0,86.157,0.969,0.0,127.836,2.215,0.0,112.873,2.262,0.0
239,291.027,0.731,0.0,102.395,1.691,0.0,86.157,0.969,0.0,127.836,2.215,0.0,112.873,2.262,0.0
240,291.027,0.731,0.0,102.395,1.691,0.0,86.157,0.969,0.0,127.836,2.215,0.0,112.873,2.262,0.0
241,291.027,0.731,0.0,102.395,1.691,0.0,86.157,0.969,0.0,127.836,2.215,0.0,112.873,2.262,0.0
242,291.027,0.731,0.0,102.395,1.691,0.0,86.157,0.969,0.0,127.836,2.215,0.0,112.873,2.262,0.0
243,291.027,0.731,0.0,102.395,1.691,0.0,86.157,0.969,0.0,127.836,2.215,0.0,112.873,2.262,0.0
244,291.027,0.731,0.0,102.395,1.691,0.0,86.157,0.969,0.0,127.836,2.215,0.0,112.873,2.262,0.0
245,291.027,0.731,0.0,102.395,1.691,0.0,86.157,0.969,0.0,127.836,2.215,0.0,112.873,2.262,0.0
246,291.027,0.731,0.0,102.395,1.691,0.0,86.157,0.969,0.0,127.836,2.215,0.0,112.873,2.262,0.0
247,291.027,0.731,0.0,102.395,1.691,0.0,86.157,0.969,0.0,127.836,2.215,0.0,112.873,2.262,0.0
248,291.027,0.731,0.0,102.395,1.691,0.0,86.157,0.969,0.0,127.836,2.215,0.0,112.873,2.262,0.0
249,291.027,0.731,0.0,102.395,1.691,0.0,86.157,0.969,0.0,127.836,2.215,0.0,112.873,2.262,0.0
250,291.027,0.731,0.0,102.395,1.691,0.0,86.157,0.969,0.0,127.836,2.215,0.0,112.873,2.262,0.0
251,291.027,0.731,0.0,102.395,1.691,0.0,86.157,0.969,0.0,127.836,2.215,0.0,112.873,2.262,0.0
252,291.027,0.731,0.0,102.395,1.691,0.0,86.157,0.969,0.0,127.836,2.215,0.0,112.873,2.262,0.0
253,291.027,0.731,0.0,102.395,1.691,0.0,86.157,0.969,0.0,127.836,2.215,0.0,112.873,2.262,0.0
254,291.027,0.731,0.0,102.395,1.691,0.0,86.157,0.969,0.0,127.836,2.215,0.0,112.873,2.262,0.0
255,291.027,0.731,0.0,102.395,1.691,0.0,86.157,0.969,0.0,127.836,2.215,0.0,112.873,2.262,0.0
256,291.027,0.731,0.0,102.395,1.691,0.0,86.157,0.969,0.0,127.836,2.215,0.0,112.873,2.262,0.0
257,291.027,0.731,0.0,102.395,1.691,0.0,86.157,0.969,0.0,127.836,2.215,0.0,112.873,2.262,0.0
258,291.027,0.731,0.0,102.395,1.691,0.0,86.157,0.969,0.0,127.836,2.215,0.0,112.873,2.262,0.0
259,291.027,0.731,0.0,102.395,1.691,0.0,86.157,0.969,0.0,127.836,2.215,0.0,112.873,2.262,0.0
260,291.027,0.731,0.0,102.395,1.691,0.0,86.157,0.969,0.0,127.836,2.215,0.0,112.873,2.262,0.0
261,291.027,0.731,0.0,102.395,1.691,0.0,86.157,0.969,0.0,127.836,2.215,0.0,112.873,2.262,0.0
262,291.027,0.731,0.0,102.395,1.691,0.0,86.157,0.969,0.0,127.836,2.215,0.0,112.873,2.262,0.0
263,291.027,0.731,0.0,102.395,1.691,0.0,86.157,0.969,0.0,127.836,2.215,0.0,112.873,2.262,0.0
264,291.027,0.731,0.0,102.395,1.691,0.0,86.157,0.969,0.0,127.836,2.215,0.0,112.873,2.262,0.0
265,291.027,0.731,0.0,102.395,1.691,0.0,86.157,0.969,0.0,127.836,2.215,0.0,112.873,2.262,0.0
266,291.027,0.731,0.0,102.395,1.691,0.0,86.157,0.969,0.0,127.836,2.215,0.0,112.873,2.262,0.0
267,291.027,0.731,0.0,102.395,1.691,0.0,86.157,0.969,0.0,127.836,2.215,0.0,112.873,2.262,0.0
268,291.027,0.731,0.0,102.395,1.691,0.0,86.157,0.969,0.0,127.836,2.215,0.0,112.873,2.262,0.0
269,291.027,0.731,0.0,102.395,1.691,0.0,86.157,0.969,0.0,127.836,2.215,0.0,112.873,2.262,0.0
270,291.027,0.731,0.0,102.395,1.691,0.0,86.157,0.969,0.0,127.836,2.215,0.0,112.873,2.262,0.0
271,291.027,0.731,0.0,102.395,1.691,0.0,86.157,0.969,0.0,127.836,2.215,0.0,112.873,2.262,0.0
272,291.027,0.731,0.0,102.395,1.691,0.0,86.157,0.969,0.0,127.836,2.215,0.0,112.873,2.262,0.0
273,291.027,0.731,0.0,102.395,1.691,0.0,86.157,0.969,0.0,127.836,2.215,0.0,112.873,2.262,0.0
274,291.027,0.731,0.0,102.395,1.691,0.0,86.157,0.969,0.0,127.836,2.215,0.0,112.873,2.262,0.0
275,291.027,0.731,0.0,102.395,1.691,0.0,86.157,0.969,0.0,127.836,2.215,0.0,112.873,2.262,0.0
276,291.027,0.731,0.0,102.395,1.691,0.0,86.157,0.969,0.0,127.836,2.215,0.0,112.873,2.262,0.0
277,291.027,0.731,0.0,102.395,1.691,0.0,86.157,0.969,0.0,127.836,2.215,0.0,112.873,2.262,0.0
278,291.027,0.731,0.0,102.395,1.691,0.0,86.157,0.969,0.0,127.836,2.215,0.0,112.873,2.262,0.0
279,291.027,0.731,0.0,102.395,1.691,0.0,86.157,0.969,0.0,127.836,2.215,0.0,112.873,2.262,0.0
280,291.027,0.731,0.0,102.395,1.691,0.0,86.157,0.969,0.0,127.836,2.215,0.0,112.873,2.262,0.0
281,291.027,0.731,0.0,102.395,1.691,0.0,86.157,0.969,0.0,127.836,2.215,0.0,112.873,2.262,0.0
282,291.027,0.731,0.0,102.395,1.691,0.0,86.157,0.969,0.0,127.836,2.215,0.0,112.873,2.262,0.0
283,291.027,0.731,0.0,102.395,1.691,0.0,86.157,0.969,0.0,127.836,2.215,0.0,112.873,2.262,0.0
284,291.027,0.731,0.0,102.395,1.691,0.0,86.157,0.969,0.0,127.836,2.215,0.0,112.873,2.262,0.0
285,291.027,0.731,0.0,102.395,1.691,0.0,86.157,0.969,0.0,127.836,2.215,0.0,112.873,2.262,0.0
286,291.027,0.731,0.0,102.395,1.691,0.0,86.157,0.969,0.0,127.836,2.215,0.0,112.873,2.262,0.0
287,291.027,0.731,0.0,102.395,1.691,0.0,86.157,0.969,0.0,127.836,2.215,0.0,112.873,2.262,0.0
288,291.027,0.731,0.0,102.395,1.691,0.0,86.157,0.969,0.0,127.836,2.215,0.0,112.873,2.262,0.0
289,291.027,0.731,0.0,102.395,1.691,0.0,86.157,0.969,0.0,127.836,2.215,0.0,112.873,2.262,0.0
290,291.027,0.731,0.0,102.395,1.691,0.0,86.157,0.969,0.0,127.836,2.215,0.0,112.873,2.262,0.0
291,291.027,0.731,0.0,102.395,1.691,0.0,86.157,0.969,0.0,127.836,2.215,0.0,112.873,2.262,0.0
292,291.027,0.731,0.0,102.395,1.691,0.0,86.157,0.969,0.0,127.836,2.215,0.0,112.873,2.262,0.0
293,291.027,0.731,0.0,102.395,1.691,0.0,86.157,0.969,0.0,127.836,2.215,0.0,112.873,2.262,0.0
294,291.027,0.731,0.0,102.395,1.691,0.0,86.157,0.969,0.0,127.836,2.215,0.0,112.873,2.262,0.0
295,291.027,0.731,0.0,102.395,1.691,0.0,86.157,0.969,0.0,127.836,2.215,0.0,112.873,2.262,0.0
296,291.027,0.731,0.0,102.395,1.691,0.0,86.157,0.969,0.0,127.836,2.215,0.0,112.873,2.262,0.0
297,291.027,0.731,0.0,102.395,1.691,0.0,86.157,0.969,0.0,127.836,2.215,0.0,112.873,2.262,0.0
298,291.027,0.731,0.0,102.395,1.691,0.0,86.157,0.969,0.0,127.836,2.215,0.0,112.873,2.262,0.0
299,291.027,0.731,0.0,102.395,1.691,0.0,86.157,0.969,0.0,127.836,2.215,0.0,112.873,2.262,0.0
300,291.027,0.731,0.0,102.395,1.691,0.0,86.157,0.969,0.0,127.836,2.215,0.0,112.873,2.262,0.0
301,291.027,0.731,0.0,102.395,1.691,0.0,86.157,0.969,0.0,127.836,2.215,0.0,112.873,2.262,0.0
302,291.027,0.731,0.0,102.395,1.691,0.0,86.157,0.969,0.0,127.836,2.215,0.0,112.873,2.262,0.0
303,291.027,0.731,0.0,102.395,1.691,0.0,86.157,0.969,0.0,127.836,2.215,0.0,112.873,2.262,0.0
304,291.027,0.731,0.0,102.395,1.691,0.0,86.157,0.969,0.0,127.836,2.215,0.0,112.873,2.262,0.0
305,291.027,0.731,0.0,102.395,1.691,0.0,86.157,0.969,0.0,127.836,2.215,0.0,112.873,2.262,0.0
306,291.027,0.731,0.0,102.395,1.691,0.0,86.157,0.969,0.0,127.836,2.215,0.0,112.873,2.262,0.0
307,291.027,0.731,0.0,102.395,1.691,0.0,86.157,0.969,0.0,127.836,2.215,0.0,112.873,2.262,0.0
308,291.027,0.731,0.0,102.395,1.691,0.0,86.157,0.969,0.0,127.836,2.215,0.0,112.873,2.262,0.0
309,291.027,0.731,0.0,102.395,1.691,0.0,86.157,0.969,0.0,127.836,2.215,0.0,112.873,2.262,0.0
310,291.027,0.731,0.0,102.395,1.691,0.0,86.157,0.969,0.0,127.836,2.215,0.0,112.873,2.262,0.0
311,291.027,0.731,0.0,102.395,1.691,0.0,86.157,0.969,0.0,127.836,2.215,0.0,112.873,2.262,0.0
312,291.027,0.731,0.0,102.395,1.691,0.0,86.157,0.969,0.0,127.836,2.215,0.0,112.873,2.262,0.0
313,291.027,0.731,0.0,102.395,1.691,0.0,86.157,0.969,0.0,127.836,2.215,0.0,112.873,2.262,0.0
314,291.027,0.731,0.0,102.395,1.691,0.0,86.157,0.969,0.0,127.836,2.215,0.0,112.873,2.262,0.0
315,291.027,0.731,0.0,102.395,1.691,0.0,86.157,0.969,0.0,127.836,2.215,0.0,112.873,2.262,0.0
316,291.027,0.731,0.0,102.395,1.691,0.0,86.157,0.969,0.0,127.836,2.215,0.0,112.873,2.262,0.0
317,291.027,0.731,0.0,102.395,1.691,0.0,86.157,0.969,0.0,127.836,2.215,0.0,112.873,2.262,0.0
318,291.027,0.731,0.0,102.395,1.691,0.0,86.157,0.969,0.0,127.836,2.215,0.0,112.873,2.262,0.0
319,291.027,0.731,0.0,102.395,1.691,0.0,86.157,0.969,0.0,127.836,2.215,0.0,112.873,2.262,0.0
320,291.027,0.731,0.0,102.395,1.691,0.0,86.157,0.969,0.0,127.836,2.215,0.0,112.873,2.262,0.0
321,291.027,0.731,0.0,102.395,1.691,0.0,86.157,0.969,0.0,127.836,2.215,0.0,112.873,2.262,0.0
322,291.027,0.731,0.0,102.395,1.691,0.0,86.157,0.969,0.0,127.836,2.215,0.0,112.873,2.262,0.0
323,291.027,0.731,0.0,102.395,1.691,0.0,86.157,0.969,0.0,127.836,2.215,0.0,112.873,2.262,0.0
324,291.027,0.731,0.0,102.395,1.691,0.0,86.157,0.969,0.0,127.836,2.215,0.0,112.873,2.262,0.0
325,291.027,0.731,0.0,102.395,1.691,0.0,86.157,0.969,0.0,127.836,2.215,0.0,112.873,2.262,0.0
326,291.027,0.731,0.0,102.395,1.691,0.0,86.157,0.969,0.0,127.836,2.215,0.0,112.873,2.262,0.0
327,291.027,0.731,0.0,102.395,1.691,0.0,86.157,0.969,0.0,127.836,2.215,0.0,112.873,2.262,0.0
328,291.027,0.731,0.0,102.395,1.691,0.0,86.157,0.969,0.0,127.836,2.215,0.0,112.873,2.262,0.0
329,291.027,0.731,0.0,102.395,1.691,0.0,86.157,0.969,0.0,127.836,2.215,0.0,112.873,2.262,0.0
330,291.027,0.731,0.0,102.395,1.691,0.0,86.157,0.969,0.0,127.836,2.215,0.0,112.873,2.262,0.0
331,291.027,0.731,0.0,102.395,1.691,0.0,86.157,0.969,0.0,127.836,2.215,0.0,112.873,2.262,0.0
332,291.027,0.731,0.0,102.395,1.691,0.0,86.157,0.969,0.0,127.836,2.215,0.0,112.873,2.262,0.0
333,291.027,0.731,0.0,102.395,1.691,0.0,86.157,0.969,0.0,127.836,2.215,0.0,112.873,2.262,0.0
334,291.027,0.731,0.0,102.395,1.691,0.0,86.157,0.969,0.0,127.836,2.215,0.0,112.873,2.262,0.0
335,291.027,0.731,0.0,102.395,1.691,0.0,86.157,0.969,0.0,127.836,2.215,0.0,112.873,2.262,0.0
336,291.027,0.731,0.0,102.395,1.691,0.0,86.157,0.969,0.0,127.836,2.215,0.0,112.873,2.262,0.0
337,291.027,0.731,0.0,102.395,1.691,0.0,86.157,0.969,0.0,127.836,2.215,0.0,112.873,2.262,0.0
338,291.027,0.731,0.0,102.395,1.691,0.0,86.157,0.969,0.0,127.836,2.215,0.0,112.873,2.262,0.0
339,291.027,0.731,0.0,102.395,1.691,0.0,86.157,0.969,0.0,127.836,2.215,0.0,112.873,2.262,0.0
340,291.027,0.731,0.0,102.395,1.691,0.0,86.157,0.969,0.0,127.836,2.215,0.0,112.873,2.262,0.0
341,291.027,0.731,0.0,102.395,1.691,0.0,86.157,0.969,0.0,127.836,2.215,0.0,112.873,2.262,0.0
342,291.027,0.731,0.0,102.395,1.691,0.0,86.157,0.969,0.0,127.836,2.215,0.0,112.873,2.262,0.0
343,291.027,0.731,0.0,102.395,1.691,0.0,86.157,0.969,0.0,127.836,2.215,0.0,112.873,2.262,0.0
344,291.027,0.731,0.0,102.395,1.691,0.0,86.157,0.969,0.0,127.836,2.215,0.0,112.873,2.262,0.0
345,291.027,0.731,0.0,102.395,1.691,0.0,86.157,0.969,0.0,127.836,2.215,0.0,112.873,2.262,0.0
346,291.027,0.731,0.0,102.395,1.691,0.0,86.157,0.969,0.0,127.836,2.215,0.0,112.873,2.262,0.0
347,291.027,0.731,0.0,102.395,1.691,0.0,86.157,0.969,0.0,127.836,2.215,0.0,112.873,2.262,0.0
348,291.027,0.731,0.0,102.395,1.691,0.0,86.157,0.969,0.0,127.836,2.215,0.0,112.873,2.262,0.0
349,291.027,0.731,0.0,102.395,1.691,0.0,86.157,0.969,0.0,127.836,2.215,0.0,112.873,2.262,0.0
350,291.027,0.731,0.0,102.395,1.691,0.0,86.157,0.969,0.0,127.836,2.215,0.0,112.873,2.262,0.0
351,291.027,0.731,0.0,102.395,1.691,0.0,86.157,0.969,0.0,127.836,2.215,0.0,112.873,2.262,0.0
352,291.027,0.731,0.0,102.395,1.691,0.0,86.157,0.969,0.0,127.836,2.215,0.0,112.873,2.262,0.0
353,291.027,0.731,0.0,102.395,1.691,0.0,86.157,0.969,0.0,127.836,2.215,0.0,112.873,2.262,0.0
354,291.027,0.731,0.0,102.395,1.691,0.0,86.157,0.969,0.0,127.836,2.215,0.0,112.873,2.262,0.0
355,291.027,0.731,0.0,102.395,1.691,0.0,86.157,0.969,0.0,127.836,2.215,0.0,112.873,2.262,0.0
356,291.027,0.731,0.0,102.395,1.691,0.0,86.157,0.969,0.0,127.836,2.215,0.0,112.873,2.262,0.0
357,291.027,0.731,0.0,102.395,1.691,0.0,86.157,0.969,0.0,127.836,2.215,0.0,112.873,2.262,0.0
358,291.027,0.731,0.0,102.395,1.691,0.0,86.157,0.969,0.0,127.836,2.215,0.0,112.873,2.262,0.0
359,291.027,0.731,0.0,102.395,1.691,0.0,86.157,0.969,0.0,127.836,2.215,0.0,112.873,2.262,0.0
360,291.027,0.731,0.0,102.395,1.691,0.0,86.157,0.969,0.0,127.836,2.215,0.0,112.873,2.262,0.0
361,291.027,0.731,0.0,102.395,1.691,0.0,86.157,0.969,0.0,127.836,2.215,0.0,112.873,2.262,0.0
362,291.027,0.731,0.0,102.395,1.691,0.0,86.157,0.969,0.0,127.836,2.215,0.0,112.873,2.262,0.0
363,291.027,0.731,0.0,102.395,1.691,0.0,86.157,0.969,0.0,127.836,2.215,0.0,112.873,2.262,0.0
364,291.027,0.731,0.0,102.395,1.691,0.0,86.157,0.969,0.0,127.836,2.215,0.0,112.873,2.262,0.0
365,291.027,0.731,0.0,102.395,1.691,0.0,86.157,0.969,0.0,127.836,2.215,0.0,112.873,2.262,0.0
366,291.027,0.731,0.0,102.395,1.691,0.0,86.157,0.969,0.0,127.836,2.215,0.0,112.873,2.262,0.0
367,291.027,0.731,0.0,102.395,1.691,0.0,86.157,0.969,0.0,127.836,2.215,0.0,112.873,2.262,0.0
368,291.027,0.731,0.0,102.395,1.691,0.0,86.157,0.969,0.0,127.836,2.215,0.0,112.873,2.262,0.0
369,291.027,0.731,0.0,102.395,1.691,0.0,86.157,0.969,0.0,127.836,2.215,0.0,112.873,2.262,0.0
370,291.027,0.731,0.0,102.395,1.691,0.0,86.157,0.969,0.0,127.836,2.215,0.0,112.873,2.262,0.0
371,291.027,0.731,0.0,102.395,1.691,0.0,86.157,0.969,0.0,127.836,2.215,0.0,112.873,2.262,0.0
372,291.027,0.731,0.0,102.395,1.691,0.0,86.157,0.969,0.0,127.836,2.215,0.0,112.873,2.262,0.0
373,291.027,0.731,0.0,102.395,1.691,0.0,86.157,0.969,0.0,127.836,2.215,0.0,112.873,2.262,0.0
374,291.027,0.731,0.0,102.395,1.691,0.0,86.157,0.969,0.0,127.836,2.215,0.0,112.873,2.262,0.0
375,291.027,0.731,0.0,102.395,1.691,0.0,86.157,0.969,0.0,127.836,2.215,0.0,112.873,2.262,0.0
376,291.027,0.731,0.0,102.395,1.691,0.0,86.157,0.969,0.0,127.836,2.215,0.0,112.873,2.262,0.0
377,291.027,0.731,0.0,102.395,1.691,0.0,86.157,0.969,0.0,127.836,2.215,0.0,112.873,2.262,0.0
378,291.027,0.731,0.0,102.395,1.691,0.0,86.157,0.969,0.0,127.836,2.215,0.0,112.873,2.262,0.0
379,291.027,0.731,0.0,102.395,1.691,0.0,86.157,0.969,0.0,127.836,2.215,0.0,112.873,2.262,0.0
380,291.027,0.731,0.0,102.395,1.691,0.0,86.157,0.969,0.0,127.836,2.215,0.0,112.873,2.262,0.0
381,291.027,0.731,0.0,102.395,1.691,0.0,86.157,0.969,0.0,127.836,2.215,0.0,112.873,2.262,0.0
382,291.027,0.731,0.0,102.395,1.691,0.0,86.157,0.969,0.0,127.836,2.215,0.0,112.873,2.262,0.0
383,291.027,0.731,0.0,102.395,1.691,0.0,86.157,0.969,0.0,127.836,2.215,0.0,112.873,2.262,0.0
384,291.027,0.731,0.0,102.395,1.691,0.0,86.157,0.969,0.0,127.836,2.215,0.0,112.873,2.262,0.0
385,291.027,0.731,0.0,102.395,1.691,0.0,86.157,0.969,0.0,127.836,2.215,0.0,112.873,2.262,0.0
386,291.027,0.731,0.0,102.395,1.691,0.0,86.157,0.969,0.0,127.836,2.215,0.0,112.873,2.262,0.0
387,291.027,0.731,0.0,102.395,1.691,0.0,86.157,0.969,0.0,127.836,2.215,0.0,112.873,2.262,0.0
388,291.027,0.731,0.0,102.395,1.691,0.0,86.157,0.969,0.0,127.836,2.215,0.0,112.873,2.262,0.0
389,291.027,0.731,0.0,102.395,1.691,0.0,86.157,0.969,0.0,127.836,2.215,0.0,112.873,2.262,0.0
390,291.027,0.731,0.0,102.395,1.691,0.0,86.157,0.969,0.0,127.836,2.215,0.0,112.873,2.262,0.0
391,291.027,0.731,0.0,102.395,1.691,0.0,86.157,0.969,0.0,127.836,2.215,0.0,112.873,2.262,0.0
392,291.027,0.731,0.0,102.395,1.691,0.0,86.157,0.969,0.0,127.836,2.215,0.0,112.873,2.262,0.0
393,291.027,0.731,0.0,102.395,1.691,0.0,86.157,0.969,0.0,127.836,2.215,0.0,112.873,2.262,0.0
394,291.027,0.731,0.0,102.395,1.691,0.0,86.157,0.969,0.0,127.836,2.215,0.0,112.873,2.262,0.0
395,291.027,0.731,0.0,102.395,1.691,0.0,86.157,0.969,0.0,127.836,2.215,0.0,112.873,2.262,0.0
396,291.027,0.731,0.0,102.395,1.691,0.0,86.157,0.969,0.0,127.836,2.215,0.0,112.873,2.262,0.0
397,291.027,0.731,0.0,102.395,1.691,0.0,86.157,0.969,0.0,127.836,2.215,0.0,112.873,2.262,0.0
398,291.027,0.731,0.0,102.395,1.691,0.0,86.157,0.969,0.0,127.836,2.215,0.0,112.873,2.262,0.0
399,291.027,0.731,0.0,102.395,1.691,0.0,86.157,0.969,0.0,127.836,2.215,0.0,112.873,2.262,0.0
400,291.027,0.731,0.0,102.395,1.691,0.0,86.157,0.969,0.0,127.836,2.215,0.0,112.873,2.262,0.0
401,291.027,0.731,0.0,102.395,1.691,0.0,86.157,0.969,0.0,127.836,2.215,0.0,112.873,2.262,0.0
402,291.027,0.731,0.0,102.395,1.691,0.0,86.157,0.969,0.0,127.836,2.215,0.0,112.873,2.262,0.0
403,291.027,0.731,0.0,102.395,1.691,0.0,86.157,0.969,0.0,127.836,2.215,0.0,112.873,2.262,0.0
404,291.027,0.731,0.0,102.395,1.691,0.0,86.157,0.969,0.0,127.836,2.215,0.0,112.873,2.262,0.0
405,291.027,0.731,0.0,102.395,1.691,0.0,86.157,0.969,0.0,127.836,2.215,0.0,112.873,2.262,0.0
406,291.027,0.731,0.0,102.395,1.691,0.0,86.157,0.969,0.0,127.836,2.215,0.0,112.873,2.262,0.0
407,291.027,0.731,0.0,102.395,1.691,0.0,86.157,0.969,0.0,127.836,2.215,0.0,112.873,2.262,0.0
408,291.027,0.731,0.0,102.395,1.691,0.0,86.157,0.969,0.0,127.836,2.215,0.0,112.873,2.262,0.0
409,291.027,0.731,0.0,102.395,1.691,0.0,86.157,0.969,0.0,127.836,2.215,0.0,112.873,2.262,0.0
410,291.027,0.731,0.0,102.395,1.691,0.0,86.157,0.969,0.0,127.836,2.215,0.0,112.873,2.262,0.0
411,291.027,0.731,0.0,102.395,1.691,0.0,86.157,0.969,0.0,127.836,2.215,0.0,112.873,2.262,0.0
412,291.027,0.731,0.0,102.395,1.691,0.0,86.157,0.969,0.0,127.836,2.215,0.0,112.873,2.262,0.0
413,291.027,0.731,0.0,102.395,1.691,0.0,86.157,0.969,0.0,127.836,2.215,0.0,112.873,2.262,0.0
414,291.027,0.731,0.0,102.395,1.691,0.0,86.157,0.969,0.0,127.836,2.215,0.0,112.873,2.262,0.0
415,291.027,0.731,0.0,102.395,1.691,0.0,86.157,0.969,0.0,127.836,2.215,0.0,112.873,2.262,0.0
416,291.027,0.731,0.0,102.395,1.691,0.0,86.157,0.969,0.0,127.836,2.215,0.0,112.873,2.262,0.0
417,291.027,0.731,0.0,102.395,1.691,0.0,86.157,0.969,0.0,127.836,2.215,0.0,112.873,2.262,0.0
418,291.027,0.731,0.0,102.395,1.691,0.0,86.157,0.969,0.0,127.836,2.215,0.0,112.873,2.262,0.0
419,291.027,0.731,0.0,102.395,1.691,0.0,86.157,0.969,0.0,127.836,2.215,0.0,112.873,2.262,0.0
420,291.027,0.731,0.0,102.395,1.691,0.0,86.157,0.969,0.0,127.836,2.215,0.0,112.873,2.262,0.0
421,291.027,0.731,0.0,102.395,1.691,0.0,86.157,0.969,0.0,127.836,2.215,0.0,112.873,2.262,0.0
422,291.027,0.731,0.0,102.395,1.691,0.0,86.157,0.969,0.0,127.836,2.215,0.0,112.873,2.262,0.0
423,291.027,0.731,0.0,102.395,1.691,0.0,86.157,0.969,0.0,127.836,2.215,0.0,112.873,2.262,0.0
424,291.027,0.731,0.0,102.395,1.691,0.0,86.157,0.969,0.0,127.836,2.215,0.0,112.873,2.262,0.0
425,291.027,0.731,0.0,102.395,1.691,0.0,86.157,0.969,0.0,127.836,2.215,0.0,112.873,2.262,0.0
426,291.027,0.731,0.0,102.395,1.691,0.0,86.157,0.969,0.0,127.836,2.215,0.0,112.873,2.262,0.0
427,291.027,0.731,0.0,102.395,1.691,0.0,86.157,0.969,0.0,127.836,2.215,0.0,112.873,2.262,0.0
428,291.027,0.731,0.0,102.395,1.691,0.0,86.157,0.969,0.0,127.836,2.215,0.0,112.873,2.262,0.0
429,291.027,0.731,0.0,102.395,1.691,0.0,86.157,0.969,0.0,127.836,2.215,0.0,112.873,2.262,0.0
430,291.027,0.731,0.0,102.395,1.691,0.0,86.157,0.969,0.0,127.836,2.215,0.0,112.873,2.262,0.0
431,291.027,0.731,0.0,102.395,1.691,0.0,86.157,0.969,0.0,127.836,2.215,0.0,112.873,2.262,0.0
432,291.027,0.731,0.0,102.395,1.691,0.0,86.157,0.969,0.0,127.836,2.215,0.0,112.873,2.262,0.0
433,291.027,0.731,0.0,102.395,1.691,0.0,86.157,0.969,0.0,127.836,2.215,0.0,112.873,2.262,0.0
434,291.027,0.731,0.0,102.395,1.691,0.0,86.157,0.969,0.0,127.836,2.215,0.0,112.873,2.262,0.0
435,291.027,0.731,0.0,102.395,1.691,0.0,86.157,0.969,0.0,127.836,2.215,0.0,112.873,2.262,0.0
436,291.027,0.731,0.0,102.395,1.691,0.0,86.157,0.969,0.0,127.836,2.215,0.0,112.873,2.262,0.0
437,291.027,0.731,0.0,102.395,1.691,0.0,86.157,0.969,0.0,127.836,2.215,0.0,112.873,2.262,0.0
438,291.027,0.731,0.0,102.395,1.691,0.0,86.157,0.969,0.0,127.836,2.215,0.0,112.873,2.262,0.0
439,291.027,0.731,0.0,102.395,1.691,0.0,86.157,0.969,0.0,127.836,2.215,0.0,112.873,2.262,0.0
440,291.027,0.731,0.0,102.395,1.691,0.0,86.157,0.969,0.0,127.836,2.215,0.0,112.873,2.262,0.0
441,291.027,0.731,0.0,102.395,1.691,0.0,86.157,0.969,0.0,127.836,2.215,0.0,112.873,2.262,0.0
442,291.027,0.731,0.0,102.395,1.691,0.0,86.157,0.969,0.0,127.836,2.215,0.0,112.873,2.262,0.0
443,291.027,0.731,0.0,102.395,1.691,0.0,86.157,0.969,0.0,127.836,2.215,0.0,112.873,2.262,0.0
444,291.027,0.731,0.0,102.395,1.691,0.0,86.157,0.969,0.0,127.836,2.215,0.0,112.873,2.262,0.0
445,291.027,0.731,0.0,102.395,1.691,0.0,86.157,0.969,0.0,127.836,2.215,0.0,112.873,2.262,0.0
446,291.027,0.731,0.0,102.395,1.691,0.0,86.157,0.969,0.0,127.836,2.215,0.0,112.873,2.262,0.0
447,291.027,0.731,0.0,102.395,1.691,0.0,86.157,0.969,0.0,127.836,2.215,0.0,112.873,2.262,0.0
448,291.027,0.731,0.0,102.395,1.691,0.0,86.157,0.969,0.0,127.836,2.215,0.0,112.873,2.262,0.0
449,291.027,0.731,0.0,102.395,1.691,0.0,86.157,0.969,0.0,127.836,2.215,0.0,112.873,2.262,0.0
450,291.027,0.731,0.0,102.395,1.691,0.0,86.157,0.969,0.0,127.836,2.215,0.0,112.873,2.262,0.0
451,291.027,0.731,0.0,102.395,1.691,0.0,86.157,0.969,0.0,127.836,2.215,0.0,112.873,2.262,0.0
452,291.027,0.731,0.0,102.395,1.691,0.0,86.157,0.969,0.0,127.836,2.215,0.0,112.873,2.262,0.0
453,291.027,0.731,0.0,102.395,1.691,0.0,86.157,0.969,0.0,127.836,2.215,0.0,112.873,2.262,0.0
454,291.027,0.731,0.0,102.395,1.691,0.0,86.157,0.969,0.0,127.836,2.215,0.0,112.873,2.262,0.0
455,291.027,0.731,0.0,102.395,1.691,0.0,86.157,0.969,0.0,127.836,2.215,0.0,112.873,2.262,0.0
456,291.027,0.731,0.0,102.395,1.691,0.0,86.157,0.969,0.0,127.836,2.215,0.0,112.873,2.262,0.0
457,291.027,0.731,0.0,102.395,1.691,0.0,86.157,0.969,0.0,127.836,2.215,0.0,112.873,2.262,0.0
458,291.027,0.731,0.0,102.395,1.691,0.0,86.157,0.969,0.0,127.836,2.215,0.0,112.873,2.262,0.0
459,291.027,0.731,0.0,102.395,1.691,0.0,86.157,0.969,0.0,127.836,2.215,0.0,112.873,2.262,0.0
460,291.027,0.731,0.0,102.395,1.691,0.0,86.157,0.969,0.0,127.836,2.215,0.0,112.873,2.262,0.0
461,291.027,0.731,0.0,102.395,1.691,0.0,86.157,0.969,0.0,127.836,2.215,0.0,112.873,2.262,0.0
462,291.027,0.731,0.0,102.395,1.691,0.0,86.157,0.969,0.0,127.836,2.215,0.0,112.873,2.262,0.0
463,291.027,0.731,0.0,102.395,1.691,0.0,86.157,0.969,0.0,127.836,2.215,0.0,112.873,2.262,0.0
464,291.027,0.731,0.0,102.395,1.691,0.0,86.157,0.969,0.0,127.836,2.215,0.0,112.873,2.262,0.0
465,291.027,0.731,0.0,102.395,1.691,0.0,86.157,0.969,0.0,127.836,2.215,0.0,112.873,2.262,0.0
466,291.027,0.731,0.0,102.395,1.691,0.0,86.157,0.969,0.0,127.836,2.215,0.0,112.873,2.262,0.0
467,291.027,0.731,0.0,102.395,1.691,0.0,86.157,0.969,0.0,127.836,2.215,0.0,112.873,2.262,0.0
468,291.027,0.731,0.0,102.395,1.691,0.0,86.157,0.969,0.0,127.836,2.215,0.0,112.873,2.262,0.0
469,291.027,0.731,0.0,102.395,1.691,0.0,86.157,0.969,0.0,127.836,2.215,0.0,112.873,2.262,0.0
470,291.027,0.731,0.0,102.395,1.691,0.0,86.157,0.969,0.0,127.836,2.215,0.0,112.873,2.262,0.0
471,291.027,0.731,0.0,102.395,1.691,0.0,86.157,0.969,0.0,127.836,2.215,0.0,112.873,2.262,0.0
472,291.027,0.731,0.0,102.395,1.691,0.0,86.157,0.969,0.0,127.836,2.215,0.0,112.873,2.262,0.0
473,291.027,0.731,0.0,102.395,1.691,0.0,86.157,0.969,0.0,127.836,2.215,0.0,112.873,2.262,0.0
474,291.027,0.731,0.0,102.395,1.691,0.0,86.157,0.969,0.0,127.836,2.215,0.0,112.873,2.262,0.0
475,291.027,0.731,0.0,102.395,1.691,0.0,86.157,0.969,0.0,127.836,2.215,0.0,112.873,2.262,0.0
476,291.027,0.731,0.0,102.395,1.691,0.0,86.157,0.969,0.0,127.836,2.215,0.0,112.873,2.262,0.0
477,291.027,0.731,0.0,102.395,1.691,0.0,86.157,0.969,0.0,127.836,2.215,0.0,112.873,2.262,0.0
478,291.027,0.731,0.0,102.395,1.691,0.0,86.157,0.969,0.0,127.836,2.215,0.0,112.873,2.262,0.0
479,291.027,0.731,0.0,102.395,1.691,0.0,86.157,0.969,0.0,127.836,2.215,0.0,112.873,2.262,0.0
480,291.027,0.731,0.0,102.395,1.691,0.0,86.157,0.969,0.0,127.836,2.215,0.0,112.873,2.262,0.0
481,291.027,0.731,0.0,102.395,1.691,0.0,86.157,0.969,0.0,127.836,2.215,0.0,112.873,2.262,0.0
482,291.027,0.731,0.0,102.395,1.691,0.0,86.157,0.969,0.0,127.836,2.215,0.0,112.873,2.262,0.0
483,291.027,0.731,0.0,102.395,1.691,0.0,86.157,0.969,0.0,127.836,2.215,0.0,112.873,2.262,0.0
484,291.027,0.731,0.0,102.395,1.691,0.0,86.157,0.969,0.0,127.836,2.215,0.0,112.873,2.262,0.0
485,291.027,0.731,0.0,102.395,1.691,0.0,86.157,0.969,0.0,127.836,2.215,0.0,112.873,2.262,0.0
486,291.027,0.731,0.0,102.395,1.691,0.0,86.157,0.969,0.0,127.836,2.215,0.0,112.873,2.262,0.0
487,291.027,0.731,0.0,102.395,1.691,0.0,86.157,0.969,0.0,127.836,2.215,0.0,112.873,2.262,0.0
488,291.027,0.731,0.0,102.395,1.691,0.0,86.157,0.969,0.0,127.836,2.215,0.0,112.873,2.262,0.0
489,291.027,0.731,0.0,102.395,1.691,0.0,86.157,0.969,0.0,127.836,2.215,0.0,112.873,2.262,0.0
490,291.027,0.731,0.0,102.395,1.691,0.0,86.157,0.969,0.0,127.836,2.215,0.0,112.873,2.262,0.0
491,291.027,0.731,0.0,102.395,1.691,0.0,86.157,0.969,0.0,127.836,2.215,0.0,112.873,2.262,0.0
492,291.027,0.731,0.0,102.395,1.691,0.0,86.157,0.969,0.0,127.836,2.215,0.0,112.873,2.262,0.0
493,291.027,0.731,0.0,102.395,1.691,0.0,86.157,0.969,0.0,127.836,2.215,0.0,112.873,2.262,0.0
494,291.027,0.731,0.0,102.395,1.691,0.0,86.157,0.969,0.0,127.836,2.215,0.0,112.873,2.262,0.0
495,291.027,0.731,0.0,102.395,1.691,0.0,86.157,0.969,0.0,127.836,2.215,0.0,112.873,2.262,0.0
496,291.027,0.731,0.0,102.395,1.691,0.0,86.157,0.969,0.0,127.836,2.215,0.0,112.873,2.262,0.0
497,291.027,0.731,0.0,102.395,1.691,0.0,86.157,0.969,0.0,127.836,2.215,0.0,112.873,2.262,0.0
498,291.027,0.731,0.0,102.395,1.691,0.0,86.157,0.969,0.0,127.836,2.215,0.0,112.873,2.262,0.0
499,291.027,0.731,0.0,102.395,1.691,0.0,86.157,0.969,0.0,127.836,2.215,0.0,112.873,2.262,0.0
500,291.027,0.731,0.0,102.395,1.691,0.0,86.157,0.969,0.0,127.836,2.215,0.0,112.873,2.262,0.0
501,291.027,0.731,0.0,102.395,1.691,0.0,86.157,0.969,0.0,127.836,2.215,0.0,112.873,2.262,0.0
502,291.027,0.731,0.0,102.395,1.691,0.0,86.157,0.969,0.0,127.836,2.215,0.0,112.873,2.262,0.0
503,291.027,0.731,0.0,102.395,1.691,0.0,86.157,0.969,0.0,127.836,2.215,0.0,112.873,2.262,0.0
504,291.027,0.731,0.0,102.395,1.691,0.0,86.157,0.969,0.0,127.836,2.215,0.0,112.873,2.262,0.0
505,291.027,0.731,0.0,102.395,1.691,0.0,86.157,0.969,0.0,127.836,2.215,0.0,112.873,2.262,0.0
506,291.027,0.731,0.0,102.395,1.691,0.0,86.157,0.969,0.0,127.836,2.215,0.0,112.873,2.262,0.0
507,291.027,0.731,0.0,102.395,1.691,0.0,86.157,0.969,0.0,127.836,2.215,0.0,112.873,2.262,0.0
508,291.027,0.731,0.0,102.395,1.691,0.0,86.157,0.969,0.0,127.836,2.215,0.0,112.873,2.262,0.0
509,291.027,0.731,0.0,102.395,1.691,0.0,86.157,0.969,0.0,127.836,2.215,0.0,112.873,2.262,0.0
510,291.027,0.731,0.0,102.395,1.691,0.0,86.157,0.969,0.0,127.836,2.215,0.0,112.873,2.262,0.0
511,291.027,0.731,0.0,102.395,1.691,0.0,86.157,0.969,0.0,127.836,2.215,0.0,112.873,2.262,0.0
512,291.027,0.731,0.0,102.395,1.691,0.0,86.157,0.969,0.0,127.836,2.215,0.0,112.873,2.262,0.0
513,291.027,0.731,0.0,102.395,1.691,0.0,86.157,0.969,0.0,127.836,2.215,0.0,112.873,2.262,0.0
514,291.027,0.731,0.0,102.395,1.691,0.0,86.157,0.969,0.0,127.836,2.215,0.0,112.873,2.262,0.0
515,291.027,0.731,0.0,102.395,1.691,0.0,86.157,0.969,0.0,127.836,2.215,0.0,112.873,2.262,0.0
516,291.027,0.731,0.0,102.395,1.691,0.0,86.157,0.969,0.0,127.836,2.215,0.0,112.873,2.262,0.0
517,291.027,0.731,0.0,102.395,1.691,0.0,86.157,0.969,0.0,127.836,2.215,0.0,112.873,2.262,0.0
518,291.027,0.731,0.0,102.395,1.691,0.0,86.157,0.969,0.0,127.836,2.215,0.0,112.873,2.262,0.0
519,291.027,0.731,0.0,102.395,1.691,0.0,86.157,0.969,0.0,127.836,2.215,0.0,112.873,2.262,0.0
520,291.027,0.731,0.0,102.395,1.691,0.0,86.157,0.969,0.0,127.836,2.215,0.0,112.873,2.262,0.0
521,291.027,0.731,0.0,102.395,1.691,0.0,86.157,0.969,0.0,127.836,2.215,0.0,112.873,2.262,0.0
522,291.027,0.731,0.0,102.395,1.691,0.0,86.157,0.969,0.0,127.836,2.215,0.0,112.873,2.262,0.0
523,291.027,0.731,0.0,102.395,1.691,0.0,86.157,0.969,0.0,127.836,2.215,0.0,112.873,2.262,0.0
524,291.027,0.731,0.0,102.395,1.691,0.0,86.157,0.969,0.0,127.836,2.215,0.0,112.873,2.262,0.0
525,291.027,0.731,0.0,102.395,1.691,0.0,86.157,0.969,0.0,127.836,2.215,0.0,112.873,2.262,0.0
526,291.027,0.731,0.0,102.395,1.691,0.0,86.157,0.969,0.0,127.836,2.215,0.0,112.873,2.262,0.0
527,291.027,0.731,0.0,102.395,1.691,0.0,86.157,0.969,0.0,127.836,2.215,0.0,112.873,2.262,0.0
528,291.027,0.731,0.0,102.395,1.691,0.0,86.157,0.969,0.0,127.836,2.215,0.0,112.873,2.262,0.0
529,291.027,0.731,0.0,102.395,1.691,0.0,86.157,0.969,0.0,127.836,2.215,0.0,112.873,2.262,0.0
530,291.027,0.731,0.0,102.395,1.691,0.0,86.157,0.969,0.0,127.836,2.215,0.0,112.873,2.262,0.0
531,291.027,0.731,0.0,102.395,1.691,0.0,86.157,0.969,0.0,127.836,2.215,0.0,112.873,2.262,0.0
532,291.027,0.731,0.0,102.395,1.691,0.0,86.157,0.969,0.0,127.836,2.215,0.0,112.873,2.262,0.0
533,291.027,0.731,0.0,102.395,1.691,0.0,86.157,0.969,0.0,127.836,2.215,0.0,112.873,2.262,0.0
534,291.027,0.731,0.0,102.395,1.691,0.0,86.157,0.969,0.0,127.836,2.215,0.0,112.873,2.262,0.0
535,291.027,0.731,0.0,102.395,1.691,0.0,86.157,0.969,0.0,127.836,2.215,0.0,112.873,2.262,0.0
536,291.027,0.731,0.0,102.395,1.691,0.0,86.157,0.969,0.0,127.836,2.215,0.0,112.873,2.262,0.0
537,291.027,0.731,0.0,102.395,1.691,0.0,86.157,0.969,0.0,127.836,2.215,0.0,112.873,2.262,0.0
538,291.027,0.731,0.0,102.395,1.691,0.0,86.157,0.969,0.0,127.836,2.215,0.0,112.873,2.262,0.0
539,291.027,0.731,0.0,102.395,1.691,0.0,86.157,0.969,0.0,127.836,2.215,0.0,112.873,2.262,0.0
540,291.027,0.731,0.0,102.395,1.691,0.0,86.157,0.969,0.0,127.836,2.215,0.0,112.873,2.262,0.0
541,291.027,0.731,0.0,102.395,1.691,0.0,86.157,0.969,0.0,127.836,2.215,0.0,112.873,2.262,0.0
542,291.027,0.731,0.0,102.395,1.691,0.0,86.157,0.969,0.0,127.836,2.215,0.0,112.873,2.262,0.0
543,291.027,0.731,0.0,102.395,1.691,0.0,86.157,0.969,0.0,127.836,2.215,0.0,112.873,2.262,0.0
544,291.027,0.731,0.0,102.395,1.691,0.0,86.157,0.969,0.0,127.836,2.215,0.0,112.873,2.262,0.0
545,291.027,0.731,0.0,102.395,1.691,0.0,86.157,0.969,0.0,127.836,2.215,0.0,112.873,2.262,0.0
546,291.027,0.731,0.0,102.395,1.691,0.0,86.157,0.969,0.0,127.836,2.215,0.0,112.873,2.262,0.0
547,291.027,0.731,0.0,102.395,1.691,0.0,86.157,0.969,0.0,127.836,2.215,0.0,112.873,2.262,0.0
548,291.027,0.731,0.0,102.395,1.691,0.0,86.157,0.969,0.0,127.836,2.215,0.0,112.873,2.262,0.0
549,291.027,0.731,0.0,102.395,1.691,0.0,86.157,0.969,0.0,127.836,2.215,0.0,112.873,2.262,0.0
550,291.027,0.731,0.0,102.395,1.691,0.0,86.157,0.969,0.0,127.836,2.215,0.0,112.873,2.262,0.0
551,291.027,0.731,0.0,102.395,1.691,0.0,86.157,0.969,0.0,127.836,2.215,0.0,112.873,2.262,0.0
552,291.027,0.731,0.0,102.395,1.691,0.0,86.157,0.969,0.0,127.836,2.215,0.0,112.873,2.262,0.0
553,291.027,0.731,0.0,102.395,1.691,0.0,86.157,0.969,0.0,127.836,2.215,0.0,112.873,2.262,0.0
554,291.027,0.731,0.0,102.395,1.691,0.0,86.157,0.969,0.0,127.836,2.215,0.0,112.873,2.262,0.0
555,291.027,0.731,0.0,102.395,1.691,0.0,86.157,0.969,0.0,127.836,2.215,0.0,112.873,2.262,0.0
556,291.027,0.731,0.0,102.395,1.691,0.0,86.157,0.969,0.0,127.836,2.215,0.0,112.873,2.262,0.0
557,291.027,0.731,0.0,102.395,1.691,0.0,86.157,0.969,0.0,127.836,2.215,0.0,112.873,2.262,0.0
558,291.027,0.731,0.0,102.395,1.691,0.0,86.157,0.969,0.0,127.836,2.215,0.0,112.873,2.262,0.0
559,291.027,0.731,0.0,102.395,1.691,0.0,86.157,0.969,0.0,127.836,2.215,0.0,112.873,2.262,0.0
560,291.027,0.731,0.0,102.395,1.691,0.0,86.157,0.969,0.0,127.836,2.215,0.0,112.873,2.262,0.0
561,291.027,0.731,0.0,102.395,1.691,0.0,86.157,0.969,0.0,127.836,2.215,0.0,112.873,2.262,0.0
562,291.027,0.731,0.0,102.395,1.691,0.0,86.157,0.969,0.0,127.836,2.215,0.0,112.873,2.262,0.0
563,291.027,0.731,0.0,102.395,1.691,0.0,86.157,0.969,0.0,127.836,2.215,0.0,112.873,2.262,0.0
564,291.027,0.731,0.0,102.395,1.691,0.0,86.157,0.969,0.0,127.836,2.215,0.0,112.873,2.262,0.0
565,291.027,0.731,0.0,102.395,1.691,0.0,86.157,0.969,0.0,127.836,2.215,0.0,112.873,2.262,0.0
566,291.027,0.731,0.0,102.395,1.691,0.0,86.157,0.969,0.0,127.836,2.215,0.0,112.873,2.262,0.0
567,291.027,0.731,0.0,102.395,1.691,0.0,86.157,0.969,0.0,127.836,2.215,0.0,112.873,2.262,0.0
568,291.027,0.731,0.0,102.395,1.691,0.0,86.157,0.969,0.0,127.836,2.215,0.0,112.873,2.262,0.0
569,291.027,0.731,0.0,102.395,1.691,0.0,86.157,0.969,0.0,127.836,2.215,0.0,112.873,2.262,0.0
570,291.027,0.731,0.0,102.395,1.691,0.0,86.157,0.969,0.0,127.836,2.215,0.0,112.873,2.262,0.0
571,291.027,0.731,0.0,102.395,1.691,0.0,86.157,0.969,0.0,127.836,2.215,0.0,112.873,2.262,0.0
572,291.027,0.731,0.0,102.395,1.691,0.0,86.157,0.969,0.0,127.836,2.215,0.0,112.873,2.262,0.0
573,291.027,0.731,0.0,102.395,1.691,0.0,86.157,0.969,0.0,127.836,2.215,0.0,112.873,2.262,0.0
574,291.027,0.731,0.0,102.395,1.691,0.0,86.157,0.969,0.0,127.836,2.215,0.0,112.873,2.262,0.0
575,291.027,0.731,0.0,102.395,1.691,0.0,86.157,0.969,0.0,127.836,2.215,0.0,112.873,2.262,0.0
576,291.027,0.731,0.0,102.395,1.691,0.0,86.157,0.969,0.0,127.836,2.215,0.0,112.873,2.262,0.0
577,291.027,0.731,0.0,102.395,1.691,0.0,86.157,0.969,0.0,127.836,2.215,0.0,112.873,2.262,0.0
578,291.027,0.731,0.0,102.395,1.691,0.0,86.157,0.969,0.0,127.836,2.215,0.0,112.873,2.262,0.0
579,291.027,0.731,0.0,102.395,1.691,0.0,86.157,0.969,0.0,127.836,2.215,0.0,112.873,2.262,0.0
580,291.027,0.731,0.0,102.395,1.691,0.0,86.157,0.969,0.0,127.836,2.215,0.0,112.873,2.262,0.0
581,291.027,0.731,0.0,102.395,1.691,0.0,86.157,0.969,0.0,127.836,2.215,0.0,112.873,2.262,0.0
582,291.027,0.731,0.0,102.395,1.691,0.0,86.157,0.969,0.0,127.836,2.215,0.0,112.873,2.262,0.0
583,291.027,0.731,0.0,102.395,1.691,0.0,86.157,0.969,0.0,127.836,2.215,0.0,112.873,2.262,0.0
584,291.027,0.731,0.0,102.395,1.691,0.0,86.157,0.969,0.0,127.836,2.215,0.0,112.873,2.262,0.0
585,291.027,0.731,0.0,102.395,1.691,0.0,86.157,0.969,0.0,127.836,2.215,0.0,112.873,2.262,0.0
586,291.027,0.731,0.0,102.395,1.691,0.0,86.157,0.969,0.0,127.836,2.215,0.0,112.873,2.262,0.0
587,291.027,0.731,0.0,102.395,1.691,0.0,86.157,0.969,0.0,127.836,2.215,0.0,112.873,2.262,0.0
588,291.027,0.731,0.0,102.395,1.691,0.0,86.157,0.969,0.0,127.836,2.215,0.0,112.873,2.262,0.0
589,291.027,0.731,0.0,102.395,1.691,0.0,86.157,0.969,0.0,127.836,2.215,0.0,112.873,2.262,0.0
590,291.027,0.731,0.0,102.395,1.691,0.0,86.157,0.969,0.0,127.836,2.215,0.0,112.873,2.262,0.0
591,291.027,0.731,0.0,102.395,1.691,0.0,86.157,0.969,0.0,127.836,2.215,0.0,112.873,2.262,0.0
592,291.027,0.731,0.0,102.395,1.691,0.0,86.157,0.969,0.0,127.836,2.215,0.0,112.873,2.262,0.0
593,291.027,0.731,0.0,102.395,1.691,0.0,86.157,0.969,0.0,127.836,2.215,0.0,112.873,2.262,0.0
594,291.027,0.731,0.0,102.395,1.691,0.0,86.157,0.969,0.0,127.836,2.215,0.0,112.873,2.262,0.0
595,291.027,0.731,0.0,102.395,1.691,0.0,86.157,0.969,0.0,127.836,2.215,0.0,112.873,2.262,0.0
596,291.027,0.731,0.0,102.395,1.691,0.0,86.157,0.969,0.0,127.836,2.215,0.0,112.873,2.262,0.0
597,291.027,0.731,0.0,102.395,1.691,0.0,86.157,0.969,0.0,127.836,2.215,0.0,112.873,2.262,0.0
598,291.027,0.731,0.0,102.395,1.691,0.0,86.157,0.969,0.0,127.836,2.215,0.0,112.873,2.262,0.0
599,291.027,0.731,0.0,102.395,1.691,0.0,86.157,0.969,0.0,127.836,2.215,0.0,112.873,2.262,0.0
600,291.027,0.731,0.0,102.395,1.691,0.0,86.157,0.969,0.0,127.836,2.215,0.0,112.873,2.262,0.0
601,291.027,0.731,0.0,102.395,1.691,0.0,86.157,0.969,0.0,127.836,2.215,0.0,112.873,2.262,0.0
602,291.027,0.731,0.0,102.395,1.691,0.0,86.157,0.969,0.0,127.836,2.215,0.0,112.873,2.262,0.0
603,291.027,0.731,0.0,102.395,1.691,0.0,86.157,0.969,0.0,127.836,2.215,0.0,112.873,2.262,0.0
604,291.027,0.731,0.0,102.395,1.691,0.0,86.157,0.969,0.0,127.836,2.215,0.0,112.873,2.262,0.0
605,291.027,0.731,0.0,102.395,1.691,0.0,86.157,0.969,0.0,127.836,2.215,0.0,112.873,2.262,0.0
606,291.027,0.731,0.0,102.395,1.691,0.0,86.157,0.969,0.0,127.836,2.215,0.0,112.873,2.262,0.0
607,291.027,0.731,0.0,102.395,1.691,0.0,86.157,0.969,0.0,127.836,2.215,0.0,112.873,2.262,0.0
608,291.027,0.731,0.0,102.395,1.691,0.0,86.157,0.969,0.0,127.836,2.215,0.0,112.873,2.262,0.0
609,291.027,0.731,0.0,102.395,1.691,0.0,86.157,0.969,0.0,127.836,2.215,0.0,112.873,2.262,0.0
610,291.027,0.731,0.0,102.395,1.691,0.0,86.157,0.969,0.0,127.836,2.215,0.0,112.873,2.262,0.0
611,291.027,0.731,0.0,102.395,1.691,0.0,86.157,0.969,0.0,127.836,2.215,0.0,112.873,2.262,0.0
612,291.027,0.731,0.0,102.395,1.691,0.0,86.157,0.969,0.0,127.836,2.215,0.0,112.873,2.262,0.0
613,291.027,0.731,0.0,102.395,1.691,0.0,86.157,0.969,0.0,127.836,2.215,0.0,112.873,2.262,0.0
614,291.027,0.731,0.0,102.395,1.691,0.0,86.157,0.969,0.0,127.836,2.215,0.0,112.873,2.262,0.0
615,291.027,0.731,0.0,102.395,1.691,0.0,86.157,0.969,0.0,127.836,2.215,0.0,112.873,2.262,0.0
616,291.027,0.731,0.0,102.395,1.691,0.0,86.157,0.969,0.0,127.836,2.215,0.0,112.873,2.262,0.0
617,291.027,0.731,0.0,102.395,1.691,0.0,86.157,0.969,0.0,127.836,2.215,0.0,112.873,2.262,0.0
618,291.027,0.731,0.0,102.395,1.691,0.0,86.157,0.969,0.0,127.836,2.215,0.0,112.873,2.262,0.0
619,291.027,0.731,0.0,102.395,1.691,0.0,86.157,0.969,0.0,127.836,2.215,0.0,112.873,2.262,0.0
620,291.027,0.731,0.0,102.395,1.691,0.0,86.157,0.969,0.0,127.836,2.215,0.0,112.873,2.262,0.0
621,291.027,0.731,0.0,102.395,1.691,0.0,86.157,0.969,0.0,127.836,2.215,0.0,112.873,2.262,0.0
622,291.027,0.731,0.0,102.395,1.691,0.0,86.157,0.969,0.0,127.836,2.215,0.0,112.873,2.262,0.0
623,291.027,0.731,0.0,102.395,1.691,0.0,86.157,0.969,0.0,127.836,2.215,0.0,112.873,2.262,0.0
624,291.027,0.731,0.0,102.395,1.691,0.0,86.157,0.969,0.0,127.836,2.215,0.0,112.873,2.262,0.0
625,291.027,0.731,0.0,102.395,1.691,0.0,86.157,0.969,0.0,127.836,2.215,0.0,112.873,2.262,0.0
626,291.027,0.731,0.0,102.395,1.691,0.0,86.157,0.969,0.0,127.836,2.215,0.0,112.873,2.262,0.0
627,291.027,0.731,0.0,102.395,1.691,0.0,86.157,0.969,0.0,127.836,2.215,0.0,112.873,2.262,0.0
628,291.027,0.731,0.0,102.395,1.691,0.0,86.157,0.969,0.0,127.836,2.215,0.0,112.873,2.262,0.0
629,291.027,0.731,0.0,102.395,1.691,0.0,86.157,0.969,0.0,127.836,2.215,0.0,112.873,2.262,0.0
630,291.027,0.731,0.0,102.395,1.691,0.0,86.157,0.969,0.0,127.836,2.215,0.0,112.873,2.262,0.0
631,291.027,0.731,0.0,102.395,1.691,0.0,86.157,0.969,0.0,127.836,2.215,0.0,112.873,2.262,0.0
632,291.027,0.731,0.0,102.395,1.691,0.0,86.157,0.969,0.0,127.836,2.215,0.0,112.873,2.262,0.0
633,291.027,0.731,0.0,102.395,1.691,0.0,86.157,0.969,0.0,127.836,2.215,0.0,112.873,2.262,0.0
634,291.027,0.731,0.0,102.395,1.691,0.0,86.157,0.969,0.0,127.836,2.215,0.0,112.873,2.262,0.0
635,291.027,0.731,0.0,102.395,1.691,0.0,86.157,0.969,0.0,127.836,2.215,0.0,112.873,2.262,0.0
636,291.027,0.731,0.0,102.395,1.691,0.0,86.157,0.969,0.0,127.836,2.215,0.0,112.873,2.262,0.0
637,291.027,0.731,0.0,102.395,1.691,0.0,86.157,0.969,0.0,127.836,2.215,0.0,112.873,2.262,0.0
638,291.027,0.731,0.0,102.395,1.691,0.0,86.157,0.969,0.0,127.836,2.215,0.0,112.873,2.262,0.0
639,291.027,0.731,0.0,102.395,1.691,0.0,86.157,0.969,0.0,127.836,2.215,0.0,112.873,2.262,0.0
640,291.027,0.731,0.0,102.395,1.691,0.0,86.157,0.969,0.0,127.836,2.215,0.0,112.873,2.262,0.0
641,291.027,0.731,0.0,102.395,1.691,0.0,86.157,0.969,0.0,127.836,2.215,0.0,112.873,2.262,0.0
642,291.027,0.731,0.0,102.395,1.691,0.0,86.157,0.969,0.0,127.836,2.215,0.0,112.873,2.262,0.0
643,291.027,0.731,0.0,102.395,1.691,0.0,86.157,0.969,0.0,127.836,2.215,0.0,112.873,2.262,0.0
644,291.027,0.731,0.0,102.395,1.691,0.0,86.157,0.969,0.0,127.836,2.215,0.0,112.873,2.262,0.0
645,291.027,0.731,0.0,102.395,1.691,0.0,86.157,0.969,0.0,127.836,2.215,0.0,112.873,2.262,0.0
646,291.027,0.731,0.0,102.395,1.691,0.0,86.157,0.969,0.0,127.836,2.215,0.0,112.873,2.262,0.0
647,291.027,0.731,0.0,102.395,1.691,0.0,86.157,0.969,0.0,127.836,2.215,0.0,112.873,2.262,0.0
648,291.027,0.731,0.0,102.395,1.691,0.0,86.157,0.969,0.0,127.836,2.215,0.0,112.873,2.262,0.0
649,291.027,0.731,0.0,102.395,1.691,0.0,86.157,0.969,0.0,127.836,2.215,0.0,112.873,2.262,0.0
650,291.027,0.731,0.0,102.395,1.691,0.0,86.157,0.969,0.0,127.836,2.215,0.0,112.873,2.262,0.0
651,291.027,0.731,0.0,102.395,1.691,0.0,86.157,0.969,0.0,127.836,2.215,0.0,112.873,2.262,0.0
652,291.027,0.731,0.0,102.395,1.691,0.0,86.157,0.969,0.0,127.836,2.215,0.0,112.873,2.262,0.0
653,291.027,0.731,0.0,102.395,1.691,0.0,86.157,0.969,0.0,127.836,2.215,0.0,112.873,2.262,0.0
654,291.027,0.731,0.0,102.395,1.691,0.0,86.157,0.969,0.0,127.836,2.215,0.0,112.873,2.262,0.0
655,291.027,0.731,0.0,102.395,1.691,0.0,86.157,0.969,0.0,127.836,2.215,0.0,112.873,2.262,0.0
656,291.027,0.731,0.0,102.395,1.691,0.0,86.157,0.969,0.0,127.836,2.215,0.0,112.873,2.262,0.0
657,291.027,0.731,0.0,102.395,1.691,0.0,86.157,0.969,0.0,127.836,2.215,0.0,112.873,2.262,0.0
658,291.027,0.731,0.0,102.395,1.691,0.0,86.157,0.969,0.0,127.836,2.215,0.0,112.873,2.262,0.0
659,291.027,0.731,0.0,102.395,1.691,0.0,86.157,0.969,0.0,127.836,2.215,0.0,112.873,2.262,0.0
660,291.027,0.731,0.0,102.395,1.691,0.0,86.157,0.969,0.0,127.836,2.215,0.0,112.873,2.262,0.0
661,291.027,0.731,0.0,102.395,1.691,0.0,86.157,0.969,0.0,127.836,2.215,0.0,112.873,2.262,0.0
662,291.027,0.731,0.0,102.395,1.691,0.0,86.157,0.969,0.0,127.836,2.215,0.0,112.873,2.262,0.0
663,291.027,0.731,0.0,102.395,1.691,0.0,86.157,0.969,0.0,127.836,2.215,0.0,112.873,2.262,0.0
664,291.027,0.731,0.0,102.395,1.691,0.0,86.157,0.969,0.0,127.836,2.215,0.0,112.873,2.262,0.0
665,291.027,0.731,0.0,102.395,1.691,0.0,86.157,0.969,0.0,127.836,2.215,0.0,112.873,2.262,0.0
666,291.027,0.731,0.0,102.395,1.691,0.0,86.157,0.969,0.0,127.836,2.215,0.0,112.873,2.262,0.0
667,291.027,0.731,0.0,102.395,1.691,0.0,86.157,0.969,0.0,127.836,2.215,0.0,112.873,2.262,0.0
668,291.027,0.731,0.0,102.395,1.691,0.0,86.157,0.969,0.0,127.836,2.215,0.0,112.873,2.262,0.0
669,291.027,0.731,0.0,102.395,1.691,0.0,86.157,0.969,0.0,127.836,2.215,0.0,112.873,2.262,0.0
670,291.027,0.731,0.0,102.395,1.691,0.0,86.157,0.969,0.0,127.836,2.215,0.0,112.873,2.262,0.0
671,291.027,0.731,0.0,102.395,1.691,0.0,86.157,0.969,0.0,127.836,2.215,0.0,112.873,2.262,0.0
672,291.027,0.731,0.0,102.395,1.691,0.0,86.157,0.969,0.0,127.836,2.215,0.0,112.873,2.262,0.0
673,291.027,0.731,0.0,102.395,1.691,0.0,86.157,0.969,0.0,127.836,2.215,0.0,112.873,2.262,0.0
674,291.027,0.731,0.0,102.395,1.691,0.0,86.157,0.969,0.0,127.836,2.215,0.0,112.873,2.262,0.0
675,291.027,0.731,0.0,102.395,1.691,0.0,86.157,0.969,0.0,127.836,2.215,0.0,112.873,2.262,0.0
676,291.027,0.731,0.0,102.395,1.691,0.0,86.157,0.969,0.0,127.836,2.215,0.0,112.873,2.262,0.0
677,291.027,0.731,0.0,102.395,1.691,0.0,86.157,0.969,0.0,127.836,2.215,0.0,112.873,2.262,0.0
678,291.027,0.731,0.0,102.395,1.691,0.0,86.157,0.969,0.0,127.836,2.215,0.0,112.873,2.262,0.0
679,291.027,0.731,0.0,102.395,1.691,0.0,86.157,0.969,0.0,127.836,2.215,0.0,112.873,2.262,0.0
680,291.027,0.731,0.0,102.395,1.691,0.0,86.157,0.969,0.0,127.836,2.215,0.0,112.873,2.262,0.0
681,291.027,0.731,0.0,102.395,1.691,0.0,86.157,0.969,0.0,127.836,2.215,0.0,112.873,2.262,0.0
682,291.027,0.731,0.0,102.395,1.691,0.0,86.157,0.969,0.0,127.836,2.215,0.0,112.873,2.262,0.0
683,291.027,0.731,0.0,102.395,1.691,0.0,86.157,0.969,0.0,127.836,2.215,0.0,112.873,2.262,0.0
684,291.027,0.731,0.0,102.395,1.691,0.0,86.157,0.969,0.0,127.836,2.215,0.0,112.873,2.262,0.0
685,291.027,0.731,0.0,102.395,1.691,0.0,86.157,0.969,0.0,127.836,2.215,0.0,112.873,2.262,0.0
686,291.027,0.731,0.0,102.395,1.691,0.0,86.157,0.969,0.0,127.836,2.215,0.0,112.873,2.262,0.0
687,291.027,0.731,0.0,102.395,1.691,0.0,86.157,0.969,0.0,127.836,2.215,0.0,112.873,2.262,0.0
688,291.027,0.731,0.0,102.395,1.691,0.0,86.157,0.969,0.0,127.836,2.215,0.0,112.873,2.262,0.0
689,291.027,0.731,0.0,102.395,1.691,0.0,86.157,0.969,0.0,127.836,2.215,0.0,112.873,2.262,0.0
690,291.027,0.731,0.0,102.395,1.691,0.0,86.157,0.969,0.0,127.836,2.215,0.0,112.873,2.262,0.0
691,291.027,0.731,0.0,102.395,1.691,0.0,86.157,0.969,0.0,127.836,2.215,0.0,112.873,2.262,0.0
692,291.027,0.731,0.0,102.395,1.691,0.0,86.157,0.969,0.0,127.836,2.215,0.0,112.873,2.262,0.0
693,291.027,0.731,0.0,102.395,1.691,0.0,86.157,0.969,0.0,127.836,2.215,0.0,112.873,2.262,0.0
694,291.027,0.731,0.0,102.395,1.691,0.0,86.157,0.969,0.0,127.836,2.215,0.0,112.873,2.262,0.0
695,291.027,0.731,0.0,102.395,1.691,0.0,86.157,0.969,0.0,127.836,2.215,0.0,112.873,2.262,0.0
696,291.027,0.731,0.0,102.395,1.691,0.0,86.157,0.969,0.0,127.836,2.215,0.0,112.873,2.262,0.0
697,291.027,0.731,0.0,102.395,1.691,0.0,86.157,0.969,0.0,127.836,2.215,0.0,112.873,2.262,0.0
698,291.027,0.731,0.0,102.395,1.691,0.0,86.157,0.969,0.0,127.836,2.215,0.0,112.873,2.262,0.0
699,291.027,0.731,0.0,102.395,1.691,0.0,86.157,0.969,0.0,127.836,2.215,0.0,112.873,2.262,0.0
700,291.027,0.731,0.0,102.395,1.691,0.0,86.157,0.969,0.0,127.836,2.215,0.0,112.873,2.262,0.0
701,291.027,0.731,0.0,102.395,1.691,0.0,86.157,0.969,0.0,127.836,2.215,0.0,112.873,2.262,0.0
702,291.027,0.731,0.0,102.395,1.691,0.0,86.157,0.969,0.0,127.836,2.215,0.0,112.873,2.262,0.0
703,291.027,0.731,0.0,102.395,1.691,0.0,86.157,0.969,0.0,127.836,2.215,0.0,112.873,2.262,0.0
704,291.027,0.731,0.0,102.395,1.691,0.0,86.157,0.969,0.0,127.836,2.215,0.0,112.873,2.262,0.0
705,291.027,0.731,0.0,102.395,1.691,0.0,86.157,0.969,0.0,127.836,2.215,0.0,112.873,2.262,0.0
706,291.027,0.731,0.0,102.395,1.691,0.0,86.157,0.969,0.0,127.836,2.215,0.0,112.873,2.262,0.0
707,291.027,0.731,0.0,102.395,1.691,0.0,86.157,0.969,0.0,127.836,2.215,0.0,112.873,2.262,0.0
708,291.027,0.731,0.0,102.395,1.691,0.0,86.157,0.969,0.0,127.836,2.215,0.0,112.873,2.262,0.0
709,291.027,0.731,0.0,102.395,1.691,0.0,86.157,0.969,0.0,127.836,2.215,0.0,112.873,2.262,0.0
710,291.027,0.731,0.0,102.395,1.691,0.0,86.157,0.969,0.0,127.836,2.215,0.0,112.873,2.262,0.0
711,291.027,0.731,0.0,102.395,1.691,0.0,86.157,0.969,0.0,127.836,2.215,0.0,112.873,2.262,0.0
712,291.027,0.731,0.0,102.395,1.691,0.0,86.157,0.969,0.0,127.836,2.215,0.0,112.873,2.262,0.0
713,291.027,0.731,0.0,102.395,1.691,0.0,86.157,0.969,0.0,127.836,2.215,0.0,112.873,2.262,0.0
714,291.027,0.731,0.0,102.395,1.691,0.0,86.157,0.969,0.0,127.836,2.215,0.0,112.873,2.262,0.0
715,291.027,0.731,0.0,102.395,1.691,0.0,86.157,0.969,0.0,127.836,2.215,0.0,112.873,2.262,0.0
716,291.027,0.731,0.0,102.395,1.691,0.0,86.157,0.969,0.0,127.836,2.215,0.0,112.873,2.262,0.0
717,291.027,0.731,0.0,102.395,1.691,0.0,86.157,0.969,0.0,127.836,2.215,0.0,112.873,2.262,0.0
718,291.027,0.731,0.0,102.395,1.691,0.0,86.157,0.969,0.0,127.836,2.215,0.0,112.873,2.262,0.0
719,291.027,0.731,0.0,102.395,1.691,0.0,86.157,0.969,0.0,127.836,2.215,0.0,112.873,2.262,0.0
720,291.027,0.731,0.0,102.395,1.691,0.0,86.157,0.969,0.0,127.836,2.215,0.0,112.873,2.262,0.0
721,291.027,0.731,0.0,102.395,1.691,0.0,86.157,0.969,0.0,127.836,2.215,0.0,112.873,2.262,0.0
722,291.027,0.731,0.0,102.395,1.691,0.0,86.157,0.969,0.0,127.836,2.215,0.0,112.873,2.262,0.0
723,291.027,0.731,0.0,102.395,1.691,0.0,86.157,0.969,0.0,127.836,2.215,0.0,112.873,2.262,0.0
724,291.027,0.731,0.0,102.395,1.691,0.0,86.157,0.969,0.0,127.836,2.215,0.0,112.873,2.262,0.0
725,291.027,0.731,0.0,102.395,1.691,0.0,86.157,0.969,0.0,127.836,2.215,0.0,112.873,2.262,0.0
726,291.027,0.731,0.0,102.395,1.691,0.0,86.157,0.969,0.0,127.836,2.215,0.0,112.873,2.262,0.0
727,291.027,0.731,0.0,102.395,1.691,0.0,86.157,0.969,0.0,127.836,2.215,0.0,112.873,2.262,0.0
728,291.027,0.731,0.0,102.395,1.691,0.0,86.157,0.969,0.0,127.836,2.215,0.0,112.873,2.262,0.0
729,291.027,0.731,0.0,102.395,1.691,0.0,86.157,0.969,0.0,127.836,2.215,0.0,112.873,2.262,0.0
730,291.027,0.731,0.0,102.395,1.691,0.0,86.157,0.969,0.0,127.836,2.215,0.0,112.873,2.262,0.0
731,291.027,0.731,0.0,102.395,1.691,0.0,86.157,0.969,0.0,127.836,2.215,0.0,112.873,2.262,0.0
732,291.027,0.731,0.0,102.395,1.691,0.0,86.157,0.969,0.0,127.836,2.215,0.0,112.873,2.262,0.0
733,291.027,0.731,0.0,102.395,1.691,0.0,86.157,0.969,0.0,127.836,2.215,0.0,112.873,2.262,0.0
734,291.027,0.731,0.0,102.395,1.691,0.0,86.157,0.969,0.0,127.836,2.215,0.0,112.873,2.262,0.0
735,291.027,0.731,0.0,102.395,1.691,0.0,86.157,0.969,0.0,127.836,2.215,0.0,112.873,2.262,0.0
736,291.027,0.731,0.0,102.395,1.691,0.0,86.157,0.969,0.0,127.836,2.215,0.0,112.873,2.262,0.0
737,291.027,0.731,0.0,102.395,1.691,0.0,86.157,0.969,0.0,127.836,2.215,0.0,112.873,2.262,0.0
738,291.027,0.731,0.0,102.395,1.691,0.0,86.157,0.969,0.0,127.836,2.215,0.0,112.873,2.262,0.0
739,291.027,0.731,0.0,102.395,1.691,0.0,86.157,0.969,0.0,127.836,2.215,0.0,112.873,2.262,0.0
740,291.027,0.731,0.0,102.395,1.691,0.0,86.157,0.969,0.0,127.836,2.215,0.0,112.873,2.262,0.0
741,291.027,0.731,0.0,102.395,1.691,0.0,86.157,0.969,0.0,127.836,2.215,0.0,112.873,2.262,0.0
742,291.027,0.731,0.0,102.395,1.691,0.0,86.157,0.969,0.0,127.836,2.215,0.0,112.873,2.262,0.0
743,291.027,0.731,0.0,102.395,1.691,0.0,86.157,0.969,0.0,127.836,2.215,0.0,112.873,2.262,0.0
744,291.027,0.731,0.0,102.395,1.691,0.0,86.157,0.969,0.0,127.836,2.215,0.0,112.873,2.262,0.0
745,291.027,0.731,0.0,102.395,1.691,0.0,86.157,0.969,0.0,127.836,2.215,0.0,112.873,2.262,0.0
746,291.027,0.731,0.0,102.395,1.691,0.0,86.157,0.969,0.0,127.836,2.215,0.0,112.873,2.262,0.0
747,291.027,0.731,0.0,102.395,1.691,0.0,86.157,0.969,0.0,127.836,2.215,0.0,112.873,2.262,0.0
748,291.027,0.731,0.0,102.395,1.691,0.0,86.157,0.969,0.0,127.836,2.215,0.0,112.873,2.262,0.0
749,291.027,0.731,0.0,102.395,1.691,0.0,86.157,0.969,0.0,127.836,2.215,0.0,112.873,2.262,0.0
750,291.027,0.731,0.0,102.395,1.691,0.0,86.157,0.969,0.0,127.836,2.215,0.0,112.873,2.262,0.0
751,291.027,0.731,0.0,102.395,1.691,0.0,86.157,0.969,0.0,127.836,2.215,0.0,112.873,2.262,0.0
752,291.027,0.731,0.0,102.395,1.691,0.0,86.157,0.969,0.0,127.836,2.215,0.0,112.873,2.262,0.0
753,291.027,0.731,0.0,102.395,1.691,0.0,86.157,0.969,0.0,127.836,2.215,0.0,112.873,2.262,0.0
754,291.027,0.731,0.0,102.395,1.691,0.0,86.157,0.969,0.0,127.836,2.215,0.0,112.873,2.262,0.0
755,291.027,0.731,0.0,102.395,1.691,0.0,86.157,0.969,0.0,127.836,2.215,0.0,112.873,2.262,0.0
756,291.027,0.731,0.0,102.395,1.691,0.0,86.157,0.969,0.0,127.836,2.215,0.0,112.873,2.262,0.0
757,291.027,0.731,0.0,102.395,1.691,0.0,86.157,0.969,0.0,127.836,2.215,0.0,112.873,2.262,0.0
758,291.027,0.731,0.0,102.395,1.691,0.0,86.157,0.969,0.0,127.836,2.215,0.0,112.873,2.262,0.0
759,291.027,0.731,0.0,102.395,1.691,0.0,86.157,0.969,0.0,127.836,2.215,0.0,112.873,2.262,0.0
760,291.027,0.731,0.0,102.395,1.691,0.0,86.157,0.969,0.0,127.836,2.215,0.0,112.873,2.262,0.0
761,291.027,0.731,0.0,102.395,1.691,0.0,86.157,0.969,0.0,127.836,2.215,0.0,112.873,2.262,0.0
762,291.027,0.731,0.0,102.395,1.691,0.0,86.157,0.969,0.0,127.836,2.215,0.0,112.873,2.262,0.0
763,291.027,0.731,0.0,102.395,1.691,0.0,86.157,0.969,0.0,127.836,2.215,0.0,112.873,2.262,0.0
764,291.027,0.731,0.0,102.395,1.691,0.0,86.157,0.969,0.0,127.836,2.215,0.0,112.873,2.262,0.0
765,291.027,0.731,0.0,102.395,1.691,0.0,86.157,0.969,0.0,127.836,2.215,0.0,112.873,2.262,0.0
766,291.027,0.731,0.0,102.395,1.691,0.0,86.157,0.969,0.0,127.836,2.215,0.0,112.873,2.262,0.0
767,291.027,0.731,0.0,102.395,1.691,0.0,86.157,0.969,0.0,127.836,2.215,0.0,112.873,2.262,0.0
768,291.027,0.731,0.0,102.395,1.691,0.0,86.157,0.969,0.0,127.836,2.215,0.0,112.873,2.262,0.0
769,291.027,0.731,0.0,102.395,1.691,0.0,86.157,0.969,0.0,127.836,2.215,0.0,112.873,2.262,0.0
770,291.027,0.731,0.0,102.395,1.691,0.0,86.157,0.969,0.0,127.836,2.215,0.0,112.873,2.262,0.0
771,291.027,0.731,0.0,102.395,1.691,0.0,86.157,0.969,0.0,127.836,2.215,0.0,112.873,2.262,0.0
772,291.027,0.731,0.0,102.395,1.691,0.0,86.157,0.969,0.0,127.836,2.215,0.0,112.873,2.262,0.0
773,291.027,0.731,0.0,102.395,1.691,0.0,86.157,0.969,0.0,127.836,2.215,0.0,112.873,2.262,0.0
774,291.027,0.731,0.0,102.395,1.691,0.0,86.157,0.969,0.0,127.836,2.215,0.0,112.873,2.262,0.0
775,291.027,0.731,0.0,102.395,1.691,0.0,86.157,0.969,0.0,127.836,2.215,0.0,112.873,2.262,0.0
776,291.027,0.731,0.0,102.395,1.691,0.0,86.157,0.969,0.0,127.836,2.215,0.0,112.873,2.262,0.0
777,291.027,0.731,0.0,102.395,1.691,0.0,86.157,0.969,0.0,127.836,2.215,0.0,112.873,2.262,0.0
778,291.027,0.731,0.0,102.395,1.691,0.0,86.157,0.969,0.0,127.836,2.215,0.0,112.873,2.262,0.0
779,291.027,0.731,0.0,102.395,1.691,0.0,86.157,0.969,0.0,127.836,2.215,0.0,112.873,2.262,0.0
780,291.027,0.731,0.0,102.395,1.691,0.0,86.157,0.969,0.0,127.836,2.215,0.0,112.873,2.262,0.0
781,291.027,0.731,0.0,102.395,1.691,0.0,86.157,0.969,0.0,127.836,2.215,0.0,112.873,2.262,0.0
782,291.027,0.731,0.0,102.395,1.691,0.0,86.157,0.969,0.0,127.836,2.215,0.0,112.873,2.262,0.0
783,291.027,0.731,0.0,102.395,1.691,0.0,86.157,0.969,0.0,127.836,2.215,0.0,112.873,2.262,0.0
784,291.027,0.731,0.0,102.395,1.691,0.0,86.157,0.969,0.0,127.836,2.215,0.0,112.873,2.262,0.0
785,291.027,0.731,0.0,102.395,1.691,0.0,86.157,0.969,0.0,127.836,2.215,0.0,112.873,2.262,0.0
786,291.027,0.731,0.0,102.395,1.691,0.0,86.157,0.969,0.0,127.836,2.215,0.0,112.873,2.262,0.0
787,291.027,0.731,0.0,102.395,1.691,0.0,86.157,0.969,0.0,127.836,2.215,0.0,112.873,2.262,0.0
788,291.027,0.731,0.0,102.395,1.691,0.0,86.157,0.969,0.0,127.836,2.215,0.0,112.873,2.262,0.0
789,291.027,0.731,0.0,102.395,1.691,0.0,86.157,0.969,0.0,127.836,2.215,0.0,112.873,2.262,0.0
790,291.027,0.731,0.0,102.395,1.691,0.0,86.157,0.969,0.0,127.836,2.215,0.0,112.873,2.262,0.0
791,291.027,0.731,0.0,102.395,1.691,0.0,86.157,0.969,0.0,127.836,2.215,0.0,112.873,2.262,0.0
792,291.027,0.731,0.0,102.395,1.691,0.0,86.157,0.969,0.0,127.836,2.215,0.0,112.873,2.262,0.0
793,291.027,0.731,0.0,102.395,1.691,0.0,86.157,0.969,0.0,127.836,2.215,0.0,112.873,2.262,0.0
794,291.027,0.731,0.0,102.395,1.691,0.0,86.157,0.969,0.0,127.836,2.215,0.0,112.873,2.262,0.0
795,291.027,0.731,0.0,102.395,1.691,0.0,86.157,0.969,0.0,127.836,2.215,0.0,112.873,2.262,0.0
796,291.027,0.731,0.0,102.395,1.691,0.0,86.157,0.969,0.0,127.836,2.215,0.0,112.873,2.262,0.0
797,291.027,0.731,0.0,102.395,1.691,0.0,86.157,0.969,0.0,127.836,2.215,0.0,112.873,2.262,0.0
798,291.027,0.731,0.0,102.395,1.691,0.0,86.157,0.969,0.0,127.836,2.215,0.0,112.873,2.262,0.0
799,291.027,0.731,0.0,102.395,1.691,0.0,86.157,0.969,0.0,127.836,2.215,0.0,112.873,2.262,0.0
800,291.027,0.731,0.0,102.395,1.691,0.0,86.157,0.969,0.0,127.836,2.215,0.0,112.873,2.262,0.0
801,291.027,0.731,0.0,102.395,1.691,0.0,86.157,0.969,0.0,127.836,2.215,0.0,112.873,2.262,0.0
802,291.027,0.731,0.0,102.395,1.691,0.0,86.157,0.969,0.0,127.836,2.215,0.0,112.873,2.262,0.0
803,291.027,0.731,0.0,102.395,1.691,0.0,86.157,0.969,0.0,127.836,2.215,0.0,112.873,2.262,0.0
804,291.027,0.731,0.0,102.395,1.691,0.0,86.157,0.969,0.0,127.836,2.215,0.0,112.873,2.262,0.0
805,291.027,0.731,0.0,102.395,1.691,0.0,86.157,0.969,0.0,127.836,2.215,0.0,112.873,2.262,0.0
806,291.027,0.731,0.0,102.395,1.691,0.0,86.157,0.969,0.0,127.836,2.215,0.0,112.873,2.262,0.0
807,291.027,0.731,0.0,102.395,1.691,0.0,86.157,0.969,0.0,127.836,2.215,0.0,112.873,2.262,0.0
808,291.027,0.731,0.0,102.395,1.691,0.0,86.157,0.969,0.0,127.836,2.215,0.0,112.873,2.262,0.0
809,291.027,0.731,0.0,102.395,1.691,0.0,86.157,0.969,0.0,127.836,2.215,0.0,112.873,2.262,0.0
810,291.027,0.731,0.0,102.395,1.691,0.0,86.157,0.969,0.0,127.836,2.215,0.0,112.873,2.262,0.0
811,291.027,0.731,0.0,102.395,1.691,0.0,86.157,0.969,0.0,127.836,2.215,0.0,112.873,2.262,0.0
812,291.027,0.731,0.0,102.395,1.691,0.0,86.157,0.969,0.0,127.836,2.215,0.0,112.873,2.262,0.0
813,291.027,0.731,0.0,102.395,1.691,0.0,86.157,0.969,0.0,127.836,2.215,0.0,112.873,2.262,0.0
814,291.027,0.731,0.0,102.395,1.691,0.0,86.157,0.969,0.0,127.836,2.215,0.0,112.873,2.262,0.0
815,291.027,0.731,0.0,102.395,1.691,0.0,86.157,0.969,0.0,127.836,2.215,0.0,112.873,2.262,0.0
816,291.027,0.731,0.0,102.395,1.691,0.0,86.157,0.969,0.0,127.836,2.215,0.0,112.873,2.262,0.0
817,291.027,0.731,0.0,102.395,1.691,0.0,86.157,0.969,0.0,127.836,2.215,0.0,112.873,2.262,0.0
818,291.027,0.731,0.0,102.395,1.691,0.0,86.157,0.969,0.0,127.836,2.215,0.0,112.873,2.262,0.0
819,291.027,0.731,0.0,102.395,1.691,0.0,86.157,0.969,0.0,127.836,2.215,0.0,112.873,2.262,0.0
820,291.027,0.731,0.0,102.395,1.691,0.0,86.157,0.969,0.0,127.836,2.215,0.0,112.873,2.262,0.0
821,291.027,0.731,0.0,102.395,1.691,0.0,86.157,0.969,0.0,127.836,2.215,0.0,112.873,2.262,0.0
822,291.027,0.731,0.0,102.395,1.691,0.0,86.157,0.969,0.0,127.836,2.215,0.0,112.873,2.262,0.0
823,291.027,0.731,0.0,102.395,1.691,0.0,86.157,0.969,0.0,127.836,2.215,0.0,112.873,2.262,0.0
824,291.027,0.731,0.0,102.395,1.691,0.0,86.157,0.969,0.0,127.836,2.215,0.0,112.873,2.262,0.0
825,291.027,0.731,0.0,102.395,1.691,0.0,86.157,0.969,0.0,127.836,2.215,0.0,112.873,2.262,0.0
826,291.027,0.731,0.0,102.395,1.691,0.0,86.157,0.969,0.0,127.836,2.215,0.0,112.873,2.262,0.0
827,291.027,0.731,0.0,102.395,1.691,0.0,86.157,0.969,0.0,127.836,2.215,0.0,112.873,2.262,0.0
828,291.027,0.731,0.0,102.395,1.691,0.0,86.157,0.969,0.0,127.836,2.215,0.0,112.873,2.262,0.0
829,291.027,0.731,0.0,102.395,1.691,0.0,86.157,0.969,0.0,127.836,2.215,0.0,112.873,2.262,0.0
830,291.027,0.731,0.0,102.395,1.691,0.0,86.157,0.969,0.0,127.836,2.215,0.0,112.873,2.262,0.0
831,291.027,0.731,0.0,102.395,1.691,0.0,86.157,0.969,0.0,127.836,2.215,0.0,112.873,2.262,0.0
832,291.027,0.731,0.0,102.395,1.691,0.0,86.157,0.969,0.0,127.836,2.215,0.0,112.873,2.262,0.0
833,291.027,0.731,0.0,102.395,1.691,0.0,86.157,0.969,0.0,127.836,2.215,0.0,112.873,2.262,0.0
834,291.027,0.731,0.0,102.395,1.691,0.0,86.157,0.969,0.0,127.836,2.215,0.0,112.873,2.262,0.0
835,291.027,0.731,0.0,102.395,1.691,0.0,86.157,0.969,0.0,127.836,2.215,0.0,112.873,2.262,0.0
836,291.027,0.731,0.0,102.395,1.691,0.0,86.157,0.969,0.0,127.836,2.215,0.0,112.873,2.262,0.0
837,291.027,0.731,0.0,102.395,1.691,0.0,86.157,0.969,0.0,127.836,2.215,0.0,112.873,2.262,0.0
838,291.027,0.731,0.0,102.395,1.691,0.0,86.157,0.969,0.0,127.836,2.215,0.0,112.873,2.262,0.0
839,291.027,0.731,0.0,102.395,1.691,0.0,86.157,0.969,0.0,127.836,2.215,0.0,112.873,2.262,0.0
840,291.027,0.731,0.0,102.395,1.691,0.0,86.157,0.969,0.0,127.836,2.215,0.0,112.873,2.262,0.0
841,291.027,0.731,0.0,102.395,1.691,0.0,86.157,0.969,0.0,127.836,2.215,0.0,112.873,2.262,0.0
842,291.027,0.731,0.0,102.395,1.691,0.0,86.157,0.969,0.0,127.836,2.215,0.0,112.873,2.262,0.0
843,291.027,0.731,0.0,102.395,1.691,0.0,86.157,0.969,0.0,127.836,2.215,0.0,112.873,2.262,0.0
844,291.027,0.731,0.0,102.395,1.691,0.0,86.157,0.969,0.0,127.836,2.215,0.0,112.873,2.262,0.0
845,291.027,0.731,0.0,102.395,1.691,0.0,86.157,0.969,0.0,127.836,2.215,0.0,112.873,2.262,0.0
846,291.027,0.731,0.0,102.395,1.691,0.0,86.157,0.969,0.0,127.836,2.215,0.0,112.873,2.262,0.0
847,291.027,0.731,0.0,102.395,1.691,0.0,86.157,0.969,0.0,127.836,2.215,0.0,112.873,2.262,0.0
848,291.027,0.731,0.0,102.395,1.691,0.0,86.157,0.969,0.0,127.836,2.215,0.0,112.873,2.262,0.0
849,291.027,0.731,0.0,102.395,1.691,0.0,86.157,0.969,0.0,127.836,2.215,0.0,112.873,2.262,0.0
850,291.027,0.731,0.0,102.395,1.691,0.0,86.157,0.969,0.0,127.836,2.215,0.0,112.873,2.262,0.0
851,291.027,0.731,0.0,102.395,1.691,0.0,86.157,0.969,0.0,127.836,2.215,0.0,112.873,2.262,0.0
852,291.027,0.731,0.0,102.395,1.691,0.0,86.157,0.969,0.0,127.836,2.215,0.0,112.873,2.262,0.0
853,291.027,0.731,0.0,102.395,1.691,0.0,86.157,0.969,0.0,127.836,2.215,0.0,112.873,2.262,0.0
854,291.027,0.731,0.0,102.395,1.691,0.0,86.157,0.969,0.0,127.836,2.215,0.0,112.873,2.262,0.0
855,291.027,0.731,0.0,102.395,1.691,0.0,86.157,0.969,0.0,127.836,2.215,0.0,112.873,2.262,0.0
856,291.027,0.731,0.0,102.395,1.691,0.0,86.157,0.969,0.0,127.836,2.215,0.0,112.873,2.262,0.0
857,291.027,0.731,0.0,102.395,1.691,0.0,86.157,0.969,0.0,127.836,2.215,0.0,112.873,2.262,0.0
858,291.027,0.731,0.0,102.395,1.691,0.0,86.157,0.969,0.0,127.836,2.215,0.0,112.873,2.262,0.0
859,291.027,0.731,0.0,102.395,1.691,0.0,86.157,0.969,0.0,127.836,2.215,0.0,112.873,2.262,0.0
860,291.027,0.731,0.0,102.395,1.691,0.0,86.157,0.969,0.0,127.836,2.215,0.0,112.873,2.262,0.0
861,291.027,0.731,0.0,102.395,1.691,0.0,86.157,0.969,0.0,127.836,2.215,0.0,112.873,2.262,0.0
862,291.027,0.731,0.0,102.395,1.691,0.0,86.157,0.969,0.0,127.836,2.215,0.0,112.873,2.262,0.0
863,291.027,0.731,0.0,102.395,1.691,0.0,86.157,0.969,0.0,127.836,2.215,0.0,112.873,2.262,0.0
864,291.027,0.731,0.0,102.395,1.691,0.0,86.157,0.969,0.0,127.836,2.215,0.0,112.873,2.262,0.0
865,291.027,0.731,0.0,102.395,1.691,0.0,86.157,0.969,0.0,127.836,2.215,0.0,112.873,2.262,0.0
866,291.027,0.731,0.0,102.395,1.691,0.0,86.157,0.969,0.0,127.836,2.215,0.0,112.873,2.262,0.0
867,291.027,0.731,0.0,102.395,1.691,0.0,86.157,0.969,0.0,127.836,2.215,0.0,112.873,2.262,0.0
868,291.027,0.731,0.0,102.395,1.691,0.0,86.157,0.969,0.0,127.836,2.215,0.0,112.873,2.262,0.0
869,291.027,0.731,0.0,102.395,1.691,0.0,86.157,0.969,0.0,127.836,2.215,0.0,112.873,2.262,0.0
870,291.027,0.731,0.0,102.395,1.691,0.0,86.157,0.969,0.0,127.836,2.215,0.0,112.873,2.262,0.0
871,291.027,0.731,0.0,102.395,1.691,0.0,86.157,0.969,0.0,127.836,2.215,0.0,112.873,2.262,0.0
872,291.027,0.731,0.0,102.395,1.691,0.0,86.157,0.969,0.0,127.836,2.215,0.0,112.873,2.262,0.0
873,291.027,0.731,0.0,102.395,1.691,0.0,86.157,0.969,0.0,127.836,2.215,0.0,112.873,2.262,0.0
874,291.027,0.731,0.0,102.395,1.691,0.0,86.157,0.969,0.0,127.836,2.215,0.0,112.873,2.262,0.0
875,291.027,0.731,0.0,102.395,1.691,0.0,86.157,0.969,0.0,127.836,2.215,0.0,112.873,2.262,0.0
876,291.027,0.731,0.0,102.395,1.691,0.0,86.157,0.969,0.0,127.836,2.215,0.0,112.873,2.262,0.0
877,291.027,0.731,0.0,102.395,1.691,0.0,86.157,0.969,0.0,127.836,2.215,0.0,112.873,2.262,0.0
878,291.027,0.731,0.0,102.395,1.691,0.0,86.157,0.969,0.0,127.836,2.215,0.0,112.873,2.262,0.0
879,291.027,0.731,0.0,102.395,1.691,0.0,86.157,0.969,0.0,127.836,2.215,0.0,112.873,2.262,0.0
880,291.027,0.731,0.0,102.395,1.691,0.0,86.157,0.969,0.0,127.836,2.215,0.0,112.873,2.262,0.0
881,291.027,0.731,0.0,102.395,1.691,0.0,86.157,0.969,0.0,127.836,2.215,0.0,112.873,2.262,0.0
882,291.027,0.731,0.0,102.395,1.691,0.0,86.157,0.969,0.0,127.836,2.215,0.0,112.873,2.262,0.0
883,291.027,0.731,0.0,102.395,1.691,0.0,86.157,0.969,0.0,127.836,2.215,0.0,112.873,2.262,0.0
884,291.027,0.731,0.0,102.395,1.691,0.0,86.157,0.969,0.0,127.836,2.215,0.0,112.873,2.262,0.0
885,291.027,0.731,0.0,102.395,1.691,0.0,86.157,0.969,0.0,127.836,2.215,0.0,112.873,2.262,0.0
886,291.027,0.731,0.0,102.395,1.691,0.0,86.157,0.969,0.0,127.836,2.215,0.0,112.873,2.262,0.0
887,291.027,0.731,0.0,102.395,1.691,0.0,86.157,0.969,0.0,127.836,2.215,0.0,112.873,2.262,0.0
888,291.027,0.731,0.0,102.395,1.691,0.0,86.157,0.969,0.0,127.836,2.215,0.0,112.873,2.262,0.0
889,291.027,0.731,0.0,102.395,1.691,0.0,86.157,0.969,0.0,127.836,2.215,0.0,112.873,2.262,0.0
890,291.027,0.731,0.0,102.395,1.691,0.0,86.157,0.969,0.0,127.836,2.215,0.0,112.873,2.262,0.0
891,291.027,0.731,0.0,102.395,1.691,0.0,86.157,0.969,0.0,127.836,2.215,0.0,112.873,2.262,0.0
892,291.027,0.731,0.0,102.395,1.691,0.0,86.157,0.969,0.0,127.836,2.215,0.0,112.873,2.262,0.0
893,291.027,0.731,0.0,102.395,1.691,0.0,86.157,0.969,0.0,127.836,2.215,0.0,112.873,2.262,0.0
894,291.027,0.731,0.0,102.395,1.691,0.0,86.157,0.969,0.0,127.836,2.215,0.0,112.873,2.262,0.0
895,291.027,0.731,0.0,102.395,1.691,0.0,86.157,0.969,0.0,127.836,2.215,0.0,112.873,2.262,0.0
896,291.027,0.731,0.0,102.395,1.691,0.0,86.157,0.969,0.0,127.836,2.215,0.0,112.873,2.262,0.0
897,291.027,0.731,0.0,102.395,1.691,0.0,86.157,0.969,0.0,127.836,2.215,0.0,112.873,2.262,0.0
898,291.027,0.731,0.0,102.395,1.691,0.0,86.157,0.969,0.0,127.836,2.215,0.0,112.873,2.262,0.0
899,291.027,0.731,0.0,102.395,1.691,0.0,86.157,0.969,0.0,127.836,2.215,0.0,112.873,2.262,0.0
900,291.027,0.731,0.0,102.395,1.691,0.0,86.157,0.969,0.0,127.836,2.215,0.0,112.873,2.262,0.0
901,291.027,0.731,0.0,102.395,1.691,0.0,86.157,0.969,0.0,127.836,2.215,0.0,112.873,2.262,0.0
902,291.027,0.731,0.0,102.395,1.691,0.0,86.157,0.969,0.0,127.836,2.215,0.0,112.873,2.262,0.0
903,291.027,0.731,0.0,102.395,1.691,0.0,86.157,0.969,0.0,127.836,2.215,0.0,112.873,2.262,0.0
904,291.027,0.731,0.0,102.395,1.691,0.0,86.157,0.969,0.0,127.836,2.215,0.0,112.873,2.262,0.0
905,291.027,0.731,0.0,102.395,1.691,0.0,86.157,0.969,0.0,127.836,2.215,0.0,112.873,2.262,0.0
906,291.027,0.731,0.0,102.395,1.691,0.0,86.157,0.969,0.0,127.836,2.215,0.0,112.873,2.262,0.0
907,291.027,0.731,0.0,102.395,1.691,0.0,86.157,0.969,0.0,127.836,2.215,0.0,112.873,2.262,0.0
908,291.027,0.731,0.0,102.395,1.691,0.0,86.157,0.969,0.0,127.836,2.215,0.0,112.873,2.262,0.0
909,291.027,0.731,0.0,102.395,1.691,0.0,86.157,0.969,0.0,127.836,2.215,0.0,112.873,2.262,0.0
910,291.027,0.731,0.0,102.395,1.691,0.0,86.157,0.969,0.0,127.836,2.215,0.0,112.873,2.262,0.0
911,291.027,0.731,0.0,102.395,1.691,0.0,86.157,0.969,0.0,127.836,2.215,0.0,112.873,2.262,0.0
912,291.027,0.731,0.0,102.395,1.691,0.0,86.157,0.969,0.0,127.836,2.215,0.0,112.873,2.262,0.0
913,291.027,0.731,0.0,102.395,1.691,0.0,86.157,0.969,0.0,127.836,2.215,0.0,112.873,2.262,0.0
914,291.027,0.731,0.0,102.395,1.691,0.0,86.157,0.969,0.0,127.836,2.215,0.0,112.873,2.262,0.0
915,291.027,0.731,0.0,102.395,1.691,0.0,86.157,0.969,0.0,127.836,2.215,0.0,112.873,2.262,0.0
916,291.027,0.731,0.0,102.395,1.691,0.0,86.157,0.969,0.0,127.836,2.215,0.0,112.873,2.262,0.0
917,291.027,0.731,0.0,102.395,1.691,0.0,86.157,0.969,0.0,127.836,2.215,0.0,112.873,2.262,0.0
918,291.027,0.731,0.0,102.395,1.691,0.0,86.157,0.969,0.0,127.836,2.215,0.0,112.873,2.262,0.0
919,291.027,0.731,0.0,102.395,1.691,0.0,86.157,0.969,0.0,127.836,2.215,0.0,112.873,2.262,0.0
920,291.027,0.731,0.0,102.395,1.691,0.0,86.157,0.969,0.0,127.836,2.215,0.0,112.873,2.262,0.0
921,291.027,0.731,0.0,102.395,1.691,0.0,86.157,0.969,0.0,127.836,2.215,0.0,112.873,2.262,0.0
922,291.027,0.731,0.0,102.395,1.691,0.0,86.157,0.969,0.0,127.836,2.215,0.0,112.873,2.262,0.0
923,291.027,0.731,0.0,102.395,1.691,0.0,86.157,0.969,0.0,127.836,2.215,0.0,112.873,2.262,0.0
924,291.027,0.731,0.0,102.395,1.691,0.0,86.157,0.969,0.0,127.836,2.215,0.0,112.873,2.262,0.0
925,291.027,0.731,0.0,102.395,1.691,0.0,86.157,0.969,0.0,127.836,2.215,0.0,112.873,2.262,0.0
926,291.027,0.731,0.0,102.395,1.691,0.0,86.157,0.969,0.0,127.836,2.215,0.0,112.873,2.262,0.0
927,291.027,0.731,0.0,102.395,1.691,0.0,86.157,0.969,0.0,127.836,2.215,0.0,112.873,2.262,0.0
928,291.027,0.731,0.0,102.395,1.691,0.0,86.157,0.969,0.0,127.836,2.215,0.0,112.873,2.262,0.0
929,291.027,0.731,0.0,102.395,1.691,0.0,86.157,0.969,0.0,127.836,2.215,0.0,112.873,2.262,0.0
930,291.027,0.731,0.0,102.395,1.691,0.0,86.157,0.969,0.0,127.836,2.215,0.0,112.873,2.262,0.0
931,291.027,0.731,0.0,102.395,1.691,0.0,86.157,0.969,0.0,127.836,2.215,0.0,112.873,2.262,0.0
932,291.027,0.731,0.0,102.395,1.691,0.0,86.157,0.969,0.0,127.836,2.215,0.0,112.873,2.262,0.0
933,291.027,0.731,0.0,102.395,1.691,0.0,86.157,0.969,0.0,127.836,2.215,0.0,112.873,2.262,0.0
934,291.027,0.731,0.0,102.395,1.691,0.0,86.157,0.969,0.0,127.836,2.215,0.0,112.873,2.262,0.0
935,291.027,0.731,0.0,102.395,1.691,0.0,86.157,0.969,0.0,127.836,2.215,0.0,112.873,2.262,0.0
936,291.027,0.731,0.0,102.395,1.691,0.0,86.157,0.969,0.0,127.836,2.215,0.0,112.873,2.262,0.0
937,291.027,0.731,0.0,102.395,1.691,0.0,86.157,0.969,0.0,127.836,2.215,0.0,112.873,2.262,0.0
938,291.027,0.731,0.0,102.395,1.691,0.0,86.157,0.969,0.0,127.836,2.215,0.0,112.873,2.262,0.0
939,291.027,0.731,0.0,102.395,1.691,0.0,86.157,0.969,0.0,127.836,2.215,0.0,112.873,2.262,0.0
940,291.027,0.731,0.0,102.395,1.691,0.0,86.157,0.969,0.0,127.836,2.215,0.0,112.873,2.262,0.0
941,291.027,0.731,0.0,102.395,1.691,0.0,86.157,0.969,0.0,127.836,2.215,0.0,112.873,2.262,0.0
942,291.027,0.731,0.0,102.395,1.691,0.0,86.157,0.969,0.0,127.836,2.215,0.0,112.873,2.262,0.0
943,291.027,0.731,0.0,102.395,1.691,0.0,86.157,0.969,0.0,127.836,2.215,0.0,112.873,2.262,0.0
944,291.027,0.731,0.0,102.395,1.691,0.0,86.157,0.969,0.0,127.836,2.215,0.0,112.873,2.262,0.0
945,291.027,0.731,0.0,102.395,1.691,0.0,86.157,0.969,0.0,127.836,2.215,0.0,112.873,2.262,0.0
946,291.027,0.731,0.0,102.395,1.691,0.0,86.157,0.969,0.0,127.836,2.215,0.0,112.873,2.262,0.0
947,291.027,0.731,0.0,102.395,1.691,0.0,86.157,0.969,0.0,127.836,2.215,0.0,112.873,2.262,0.0
948,291.027,0.731,0.0,102.395,1.691,0.0,86.157,0.969,0.0,127.836,2.215,0.0,112.873,2.262,0.0
949,291.027,0.731,0.0,102.395,1.691,0.0,86.157,0.969,0.0,127.836,2.215,0.0,112.873,2.262,0.0
950,291.027,0.731,0.0,102.395,1.691,0.0,86.157,0.969,0.0,127.836,2.215,0.0,112.873,2.262,0.0
951,291.027,0.731,0.0,102.395,1.691,0.0,86.157,0.969,0.0,127.836,2.215,0.0,112.873,2.262,0.0
952,291.027,0.731,0.0,102.395,1.691,0.0,86.157,0.969,0.0,127.836,2.215,0.0,112.873,2.262,0.0
